INSMIX        1.0         0
#
# $static-counts
#
#     opcode       count-unpredicated    count-predicated
#

#
# $rtn-counts rtn[2,_init] at 0x000400598
#
#     opcode       count-unpredicated    count-predicated
#
   8 ADD                                 1                0
 317 JZ                                  1                0
 411 MOV                                 1                0
 466 NOP                                 1                0
 718 RET_NEAR                            1                0
 795 SUB                                 1                0
 809 TEST                                1                0
3000 *total                              7                0
3002 *stack-read                         1                0
3004 *iprel-read                         1                0
3014 *mem-read-8                         2                0
#
#
# $rtn-counts rtn[3,.plt] at 0x0004005c0
#
#     opcode       count-unpredicated    count-predicated
#
 303 JMP                                 7                0
 651 PUSH                                7                0
3000 *total                             14                0
3003 *stack-write                        7                0
3004 *iprel-read                        14                0
3005 *iprel-write                        7                0
3014 *mem-read-8                        14                0
3534 *mem-write-8                        7                0
#
#
# $rtn-counts rtn[4,free@plt] at 0x0004005d0
#
#     opcode       count-unpredicated    count-predicated
#
 303 JMP                                 4                0
 651 PUSH                                1                0
3000 *total                              5                0
3003 *stack-write                        1                0
3004 *iprel-read                         3                0
3014 *mem-read-8                         3                0
3534 *mem-write-8                        1                0
#
#
# $rtn-counts rtn[5,putchar@plt] at 0x0004005e0
#
#     opcode       count-unpredicated    count-predicated
#
 303 JMP                                 3                0
 651 PUSH                                1                0
3000 *total                              4                0
3003 *stack-write                        1                0
3004 *iprel-read                         2                0
3014 *mem-read-8                         2                0
3534 *mem-write-8                        1                0
#
#
# $rtn-counts rtn[6,puts@plt] at 0x0004005f0
#
#     opcode       count-unpredicated    count-predicated
#
 303 JMP                                 2                0
 651 PUSH                                1                0
3000 *total                              3                0
3003 *stack-write                        1                0
3004 *iprel-read                         1                0
3014 *mem-read-8                         1                0
3534 *mem-write-8                        1                0
#
#
# $rtn-counts rtn[7,printf@plt] at 0x000400600
#
#     opcode       count-unpredicated    count-predicated
#
 303 JMP                                85                0
 651 PUSH                                1                0
3000 *total                             86                0
3003 *stack-write                        1                0
3004 *iprel-read                        84                0
3014 *mem-read-8                        84                0
3534 *mem-write-8                        1                0
#
#
# $rtn-counts rtn[8,calloc@plt] at 0x000400610
#
#     opcode       count-unpredicated    count-predicated
#
 303 JMP                                10                0
 651 PUSH                                1                0
3000 *total                             11                0
3003 *stack-write                        1                0
3004 *iprel-read                         9                0
3014 *mem-read-8                         9                0
3534 *mem-write-8                        1                0
#
#
# $rtn-counts rtn[9,atoi@plt] at 0x000400620
#
#     opcode       count-unpredicated    count-predicated
#
 303 JMP                                 2                0
 651 PUSH                                1                0
3000 *total                              3                0
3003 *stack-write                        1                0
3004 *iprel-read                         1                0
3014 *mem-read-8                         1                0
3534 *mem-write-8                        1                0
#
#
# $rtn-counts rtn[10,__isoc99_scanf@plt] at 0x000400630
#
#     opcode       count-unpredicated    count-predicated
#
 303 JMP                            131074                0
 651 PUSH                                1                0
3000 *total                         131075                0
3003 *stack-write                        1                0
3004 *iprel-read                    131073                0
3014 *mem-read-8                    131073                0
3534 *mem-write-8                        1                0
#
#
# $rtn-counts rtn[12,_start] at 0x000400650
#
#     opcode       count-unpredicated    count-predicated
#
  23 AND                                 1                0
  67 CALL_NEAR                           1                0
 411 MOV                                 5                0
 466 NOP                                 1                0
 597 POP                                 1                0
 651 PUSH                                2                0
1568 XOR                                 1                0
3000 *total                             12                0
3002 *stack-read                         1                0
3003 *stack-write                        3                0
3004 *iprel-read                         1                0
3005 *iprel-write                        1                0
3014 *mem-read-8                         2                0
3534 *mem-write-8                        3                0
#
#
# $rtn-counts rtn[14,deregister_tm_clones] at 0x000400690
#
#     opcode       count-unpredicated    count-predicated
#
 100 CMP                                 1                0
 317 JZ                                  1                0
 411 MOV                                 1                0
 718 RET_NEAR                            1                0
3000 *total                              4                0
3002 *stack-read                         1                0
3014 *mem-read-8                         1                0
#
#
# $rtn-counts rtn[15,register_tm_clones] at 0x0004006c0
#
#     opcode       count-unpredicated    count-predicated
#
   8 ADD                                 1                0
 317 JZ                                  1                0
 411 MOV                                 2                0
 718 RET_NEAR                            1                0
 732 SAR                                 2                0
 770 SHR                                 1                0
 795 SUB                                 1                0
3000 *total                              9                0
3002 *stack-read                         1                0
3014 *mem-read-8                         1                0
#
#
# $rtn-counts rtn[16,__do_global_dtors_aux] at 0x000400700
#
#     opcode       count-unpredicated    count-predicated
#
  67 CALL_NEAR                           1                0
 100 CMP                                 1                0
 312 JNZ                                 1                0
 411 MOV                                 2                0
 466 NOP                                 1                0
 597 POP                                 1                0
 651 PUSH                                1                0
 718 RET_NEAR                            1                0
3000 *total                              9                0
3002 *stack-read                         2                0
3003 *stack-write                        2                0
3004 *iprel-read                         1                0
3005 *iprel-write                        1                0
3007 *mem-read-1                         1                0
3014 *mem-read-8                         2                0
3527 *mem-write-1                        1                0
3534 *mem-write-8                        2                0
#
#
# $rtn-counts rtn[17,frame_dummy] at 0x000400730
#
#     opcode       count-unpredicated    count-predicated
#
 303 JMP                                 1                0
 466 NOP                                 1                0
3000 *total                              2                0
#
#
# $rtn-counts rtn[18,read_edge_list] at 0x000400736
#
#     opcode       count-unpredicated    count-predicated
#
   8 ADD                            131072                0
  67 CALL_NEAR                      131075                0
  70 CDQE                           131074                0
 100 CMP                            262145                0
 301 JL                             131072                0
 303 JMP                                 1                0
 317 JZ                             131073                0
 374 LEA                            524290                0
 375 LEAVE                               1                0
 411 MOV                           2097174                0
 449 MOVSXD                         131072                0
 651 PUSH                                1                0
 718 RET_NEAR                            1                0
 767 SHL                            262144                0
 795 SUB                                 1                0
3000 *total                        3932196                0
3002 *stack-read                   1179656                0
3003 *stack-write                   393225                0
3010 *mem-read-4                    917508                0
3014 *mem-read-8                    524292                0
3530 *mem-write-4                   524291                0
3534 *mem-write-8                   131080                0
#
#
# $rtn-counts rtn[19,graph_from_edge_list] at 0x000400835
#
#     opcode       count-unpredicated    count-predicated
#
   8 ADD                           1638411                0
  67 CALL_NEAR                           3                0
  70 CDQE                           393228                0
 100 CMP                            671749                0
 301 JL                             401412                0
 303 JMP                                 5                0
 307 JNL                            262144                0
 308 JNLE                             8193                0
 374 LEA                            925707                0
 375 LEAVE                               1                0
 411 MOV                           4636759                0
 449 MOVSXD                         696320                0
 651 PUSH                                1                0
 718 RET_NEAR                            1                0
 767 SHL                            434176                0
 795 SUB                             16385                0
3000 *total                       10084495                0
3002 *stack-read                   3399722                0
3003 *stack-write                   540696                0
3010 *mem-read-4                   3252258                0
3014 *mem-read-8                   1925146                0
3530 *mem-write-4                   950292                0
3534 *mem-write-8                        9                0
#
#
# $rtn-counts rtn[20,print_CSR_graph] at 0x000400ac7
#
#     opcode       count-unpredicated    count-predicated
#
   8 ADD                               142                0
  67 CALL_NEAR                          78                0
 100 CMP                                77                0
 301 JL                                 51                0
 302 JLE                                24                0
 303 JMP                                 2                0
 307 JNL                                 2                0
 375 LEAVE                               1                0
 411 MOV                               601                0
 449 MOVSXD                             71                0
 466 NOP                                 1                0
 651 PUSH                                1                0
 718 RET_NEAR                            1                0
 767 SHL                                71                0
 795 SUB                                 1                0
3000 *total                           1124                0
3002 *stack-read                       371                0
3003 *stack-write                      155                0
3010 *mem-read-4                       369                0
3014 *mem-read-8                       150                0
3530 *mem-write-4                       75                0
3534 *mem-write-8                       80                0
#
#
# $rtn-counts rtn[21,bfs] at 0x000400c0d
#
#     opcode       count-unpredicated    count-predicated
#
   8 ADD                            756015                0
  67 CALL_NEAR                           5                0
  70 CDQE                           180402                0
 100 CMP                            287466                0
 301 JL                             157621                0
 303 JMP                              5701                0
 308 JNLE                                7                0
 312 JNZ                            129845                0
 374 LEA                            191782                0
 375 LEAVE                               1                0
 411 MOV                           1833700                0
 449 MOVSXD                         271074                0
 466 NOP                                 1                0
 651 PUSH                                1                0
 718 RET_NEAR                            1                0
 767 SHL                            271074                0
 795 SUB                                 1                0
 809 TEST                                7                0
3000 *total                        4084704                0
3002 *stack-read                   1245968                0
3003 *stack-write                   304567                0
3010 *mem-read-4                   1212492                0
3014 *mem-read-8                    738950                0
3530 *mem-write-4                   343710                0
3534 *mem-write-8                       18                0
#
#
# $rtn-counts rtn[22,main] at 0x000400f19
#
#     opcode       count-unpredicated    count-predicated
#
   8 ADD                                31                0
  67 CALL_NEAR                          16                0
 100 CMP                                16                0
 301 JL                                 14                0
 303 JMP                                 2                0
 308 JNLE                                1                0
 312 JNZ                                 1                0
 374 LEA                                 6                0
 375 LEAVE                               1                0
 411 MOV                               118                0
 449 MOVSXD                             12                0
 651 PUSH                                1                0
 718 RET_NEAR                            1                0
 767 SHL                                12                0
 795 SUB                                 1                0
3000 *total                            233                0
3002 *stack-read                        93                0
3003 *stack-write                       43                0
3010 *mem-read-4                        84                0
3014 *mem-read-8                        23                0
3530 *mem-write-4                       24                0
3534 *mem-write-8                       19                0
#
#
# $rtn-counts rtn[23,__libc_csu_init] at 0x000401100
#
#     opcode       count-unpredicated    count-predicated
#
   8 ADD                                 2                0
  67 CALL_NEAR                           2                0
 100 CMP                                 1                0
 312 JNZ                                 1                0
 317 JZ                                  1                0
 374 LEA                                 2                0
 411 MOV                                 6                0
 466 NOP                                 2                0
 597 POP                                 6                0
 651 PUSH                                6                0
 718 RET_NEAR                            1                0
 732 SAR                                 1                0
 795 SUB                                 2                0
1568 XOR                                 1                0
3000 *total                             34                0
3002 *stack-read                         7                0
3003 *stack-write                        8                0
3014 *mem-read-8                         8                0
3534 *mem-write-8                        8                0
#
#
# $rtn-counts rtn[25,_fini] at 0x000401178
#
#     opcode       count-unpredicated    count-predicated
#
   8 ADD                                 1                0
 466 NOP                                 1                0
 718 RET_NEAR                            1                0
 795 SUB                                 1                0
3000 *total                              4                0
3002 *stack-read                         1                0
3014 *mem-read-8                         1                0
#
#
# $rtn-counts rtn[323,.plt.sec] at 0x7f8168431900
#
#     opcode       count-unpredicated    count-predicated
#
 303 JMP                               388                0
 466 NOP                               388                0
3000 *total                            776                0
3004 *iprel-read                       388                0
3014 *mem-read-8                       388                0
#
#
# $rtn-counts rtn[411,check_stdfiles_vtables] at 0x7f8168433240
#
#     opcode       count-unpredicated    count-predicated
#
 100 CMP                                 3                0
 312 JNZ                                 2                0
 317 JZ                                  1                0
 374 LEA                                 1                0
 411 MOV                                 3                0
 466 NOP                                 1                0
 718 RET_NEAR                            1                0
3000 *total                             12                0
3002 *stack-read                         1                0
3004 *iprel-read                         3                0
3014 *mem-read-8                         7                0
#
#
# $rtn-counts rtn[419,__sigsetjmp] at 0x7f8168433390
#
#     opcode       count-unpredicated    count-predicated
#
 303 JMP                                 1                0
 317 JZ                                  1                0
 374 LEA                                 1                0
 411 MOV                                10                0
 466 NOP                                 2                0
 719 ROL                                 3                0
 809 TEST                                1                0
1568 XOR                                 3                0
3000 *total                             22                0
3002 *stack-read                         1                0
3010 *mem-read-4                         1                0
3014 *mem-read-8                         4                0
3534 *mem-write-8                        8                0
#
#
# $rtn-counts rtn[421,_setjmp] at 0x7f8168433420
#
#     opcode       count-unpredicated    count-predicated
#
 303 JMP                                 1                0
 466 NOP                                 1                0
1568 XOR                                 1                0
3000 *total                              3                0
#
#
# $rtn-counts rtn[445,__mempcpy_sse2_unaligned] at 0x7f8168434990
#
#     opcode       count-unpredicated    count-predicated
#
   8 ADD                               191                0
 303 JMP                               191                0
 411 MOV                               191                0
 466 NOP                               191                0
3000 *total                            764                0
#
#
# $rtn-counts rtn[447,memcpy] at 0x7f81684349b0
#
#     opcode       count-unpredicated    count-predicated
#
 100 CMP                               193                0
 297 JB                                191                0
 306 JNBE                                2                0
 451 MOVUPS                              4                0
 718 RET_NEAR                            1                0
3000 *total                            391                0
3002 *stack-read                         1                0
3014 *mem-read-8                         1                0
3022 *mem-read-16                        2                0
3542 *mem-write-16                       2                0
#
#
# $rtn-counts rtn[455,__memcpy_sse2_unaligned_erms] at 0x7f8168434a90
#
#     opcode       count-unpredicated    count-predicated
#
 100 CMP                               487                0
 297 JB                                 92                0
 298 JBE                                 1                0
 305 JNB                               366                0
 306 JNBE                              120                0
 411 MOV                               426                0
 451 MOVUPS                              8                0
 452 MOVZX                             146                0
 718 RET_NEAR                          190                0
3000 *total                           1836                0
3002 *stack-read                       190                0
3007 *mem-read-1                        92                0
3008 *mem-read-2                        54                0
3010 *mem-read-4                       116                0
3014 *mem-read-8                       214                0
3022 *mem-read-16                        4                0
3527 *mem-write-1                       92                0
3528 *mem-write-2                       54                0
3530 *mem-write-4                      116                0
3534 *mem-write-8                       24                0
3542 *mem-write-16                       4                0
#
#
# $rtn-counts rtn[461,__memset_sse2_unaligned] at 0x7f8168435470
#
#     opcode       count-unpredicated    count-predicated
#
 100 CMP                                12                0
 297 JB                                  6                0
 306 JNBE                                6                0
 411 MOV                                 6                0
 415 MOVD                                6                0
 466 NOP                                 6                0
 615 PSHUFD                              6                0
 647 PUNPCKLBW                           6                0
 650 PUNPCKLWD                           6                0
3000 *total                             60                0
#
#
# $rtn-counts rtn[466,__memset_sse2_unaligned_erms] at 0x7f8168435540
#
#     opcode       count-unpredicated    count-predicated
#
   8 ADD                                12                0
  23 AND                                 6                0
 100 CMP                             65038                0
 297 JB                              65026                0
 298 JBE                                12                0
 374 LEA                                 6                0
 413 MOVAPS                         260104                0
 451 MOVUPS                             48                0
 466 NOP                                 6                0
 718 RET_NEAR                            6                0
 795 SUB                             65026                0
3000 *total                         455290                0
3002 *stack-read                         6                0
3014 *mem-read-8                         6                0
3542 *mem-write-16                  260152                0
#
#
# $rtn-counts rtn[477,__strchrnul_sse2] at 0x7f816843b890
#
#     opcode       count-unpredicated    count-predicated
#
  23 AND                               173                0
  55 BSF                               173                0
 100 CMP                               173                0
 308 JNLE                              173                0
 312 JNZ                                 2                0
 317 JZ                                173                0
 374 LEA                               173                0
 411 MOV                               173                0
 415 MOVD                              173                0
 420 MOVDQA                            177                0
 421 MOVDQU                            179                0
 466 NOP                               173                0
 477 OR                                  4                0
 510 PCMPEQB                           358                0
 576 PMOVMSKB                          179                0
 604 POR                               179                0
 615 PSHUFD                            173                0
 647 PUNPCKLBW                         173                0
 650 PUNPCKLWD                         173                0
 657 PXOR                              173                0
 718 RET_NEAR                          173                0
 767 SHL                                 6                0
 809 TEST                              175                0
3000 *total                           3681                0
3002 *stack-read                       173                0
3014 *mem-read-8                       173                0
3022 *mem-read-16                      179                0
#
#
# $rtn-counts rtn[482,__strlen_sse2] at 0x7f816843d8c0
#
#     opcode       count-unpredicated    count-predicated
#
  23 AND                                 1                0
  55 BSF                                 1                0
 100 CMP                                 1                0
 306 JNBE                                1                0
 317 JZ                                  1                0
 411 MOV                                 2                0
 421 MOVDQU                              1                0
 466 NOP                                 1                0
 510 PCMPEQB                             1                0
 576 PMOVMSKB                            1                0
 657 PXOR                                4                0
 718 RET_NEAR                            1                0
 809 TEST                                1                0
3000 *total                             17                0
3002 *stack-read                         1                0
3014 *mem-read-8                         1                0
3022 *mem-read-16                        1                0
#
#
# $rtn-counts rtn[490,__strrchr_sse2] at 0x7f8168446540
#
#     opcode       count-unpredicated    count-predicated
#
   8 ADD                                 1                0
  23 AND                                 2                0
  56 BSR                                 1                0
 100 CMP                                 1                0
 306 JNBE                                1                0
 317 JZ                                  2                0
 374 LEA                                 1                0
 411 MOV                                 1                0
 415 MOVD                                1                0
 451 MOVUPS                              1                0
 466 NOP                                 1                0
 510 PCMPEQB                             2                0
 576 PMOVMSKB                            2                0
 615 PSHUFD                              1                0
 647 PUNPCKLBW                           1                0
 650 PUNPCKLWD                           1                0
 657 PXOR                                1                0
 718 RET_NEAR                            1                0
 809 TEST                                1                0
1568 XOR                                 1                0
3000 *total                             24                0
3002 *stack-read                         1                0
3014 *mem-read-8                         1                0
3022 *mem-read-16                        1                0
#
#
# $rtn-counts rtn[572,__munmap] at 0x7f8168449440
#
#     opcode       count-unpredicated    count-predicated
#
 100 CMP                                 2                0
 305 JNB                                 2                0
 411 MOV                                 2                0
 466 NOP                                 2                0
 718 RET_NEAR                            2                0
 802 SYSCALL                             2                0
3000 *total                             12                0
3002 *stack-read                         2                0
3014 *mem-read-8                         2                0
#
#
# $rtn-counts rtn[659,_init] at 0x7f816844a570
#
#     opcode       count-unpredicated    count-predicated
#
   8 ADD                                 9                0
  23 AND                                 5                0
  67 CALL_NEAR                           3                0
  99 CMOVZ                               1                0
 100 CMP                                 2                0
 303 JMP                                 3                0
 312 JNZ                                 2                0
 317 JZ                                  6                0
 374 LEA                                 5                0
 411 MOV                                31                0
 452 MOVZX                               7                0
 466 NOP                                 1                0
 597 POP                                 4                0
 651 PUSH                                4                0
 718 RET_NEAR                            1                0
 719 ROL                                 2                0
 767 SHL                                 4                0
 770 SHR                                 4                0
 795 SUB                                 1                0
 809 TEST                                7                0
1568 XOR                                 6                0
3000 *total                            108                0
3002 *stack-read                         5                0
3003 *stack-write                       10                0
3004 *iprel-read                         4                0
3005 *iprel-write                        5                0
3007 *mem-read-1                         3                0
3008 *mem-read-2                         2                0
3010 *mem-read-4                         1                0
3014 *mem-read-8                        11                0
3530 *mem-write-4                        2                0
3534 *mem-write-8                       14                0
#
#
# $rtn-counts rtn[660,__libc_start_main] at 0x7f816844a700
#
#     opcode       count-unpredicated    count-predicated
#
  23 AND                                 1                0
  67 CALL_NEAR                           6                0
 312 JNZ                                 3                0
 317 JZ                                  3                0
 374 LEA                                 2                0
 411 MOV                                27                0
 466 NOP                                 2                0
 651 PUSH                                2                0
 757 SETZ                                1                0
 795 SUB                                 1                0
 809 TEST                                6                0
1568 XOR                                 4                0
3000 *total                             58                0
3002 *stack-read                         5                0
3003 *stack-write                       13                0
3004 *iprel-read                         5                0
3005 *iprel-write                        1                0
3010 *mem-read-4                         4                0
3014 *mem-read-8                        13                0
3530 *mem-write-4                        2                0
3534 *mem-write-8                       13                0
#
#
# $rtn-counts rtn[844,__sigjmp_save] at 0x7f816845e210
#
#     opcode       count-unpredicated    count-predicated
#
 312 JNZ                                 1                0
 411 MOV                                 2                0
 466 NOP                                 1                0
 597 POP                                 1                0
 651 PUSH                                1                0
 718 RET_NEAR                            1                0
 809 TEST                                1                0
1568 XOR                                 1                0
3000 *total                              9                0
3002 *stack-read                         2                0
3003 *stack-write                        1                0
3014 *mem-read-8                         2                0
3530 *mem-write-4                        1                0
3534 *mem-write-8                        1                0
#
#
# $rtn-counts rtn[893,atoi] at 0x7f816845f760
#
#     opcode       count-unpredicated    count-predicated
#
   8 ADD                                 1                0
  67 CALL_NEAR                           1                0
 411 MOV                                 1                0
 466 NOP                                 1                0
 718 RET_NEAR                            1                0
 795 SUB                                 1                0
1568 XOR                                 1                0
3000 *total                              7                0
3002 *stack-read                         1                0
3003 *stack-write                        1                0
3014 *mem-read-8                         1                0
3534 *mem-write-8                        1                0
#
#
# $rtn-counts rtn[908,__run_exit_handlers] at 0x7f8168460b90
#
#     opcode       count-unpredicated    count-predicated
#
   8 ADD                                 2                0
  67 CALL_NEAR                           4                0
 100 CMP                                12                0
 109 CMPXCHG                             3                0
 146 DEC                                 3                0
 303 JMP                                 4                0
 305 JNB                                 1                0
 312 JNZ                                 6                0
 317 JZ                                 17                0
 374 LEA                                 6                0
 411 MOV                                23                0
 466 NOP                                 3                0
 651 PUSH                                6                0
 720 ROR                                 1                0
 767 SHL                                 1                0
 770 SHR                                 1                0
 795 SUB                                 2                0
 809 TEST                                6                0
1568 XOR                                 4                0
3000 *total                            105                0
3002 *stack-read                         1                0
3003 *stack-write                       11                0
3004 *iprel-read                         8                0
3005 *iprel-write                        1                0
3007 *mem-read-1                         1                0
3010 *mem-read-4                        12                0
3014 *mem-read-8                        12                0
3527 *mem-write-1                        1                0
3530 *mem-write-4                        7                0
3534 *mem-write-8                       13                0
#
#
# $rtn-counts rtn[909,exit] at 0x7f8168460de0
#
#     opcode       count-unpredicated    count-predicated
#
  67 CALL_NEAR                           1                0
 374 LEA                                 1                0
 411 MOV                                 2                0
 466 NOP                                 1                0
 597 POP                                 1                0
 651 PUSH                                1                0
 795 SUB                                 1                0
3000 *total                              8                0
3002 *stack-read                         1                0
3003 *stack-write                        2                0
3014 *mem-read-8                         1                0
3534 *mem-write-8                        2                0
#
#
# $rtn-counts rtn[911,__new_exitfn] at 0x7f8168460ee0
#
#     opcode       count-unpredicated    count-predicated
#
   8 ADD                                 2                0
 100 CMP                                 1                0
 303 JMP                                 1                0
 312 JNZ                                 1                0
 317 JZ                                  3                0
 374 LEA                                 1                0
 411 MOV                                 9                0
 466 NOP                                 2                0
 597 POP                                 2                0
 651 PUSH                                2                0
 718 RET_NEAR                            1                0
 795 SUB                                 1                0
 809 TEST                                3                0
1568 XOR                                 1                0
3000 *total                             30                0
3002 *stack-read                         3                0
3003 *stack-write                        2                0
3004 *iprel-read                         2                0
3005 *iprel-write                        1                0
3007 *mem-read-1                         1                0
3014 *mem-read-8                         7                0
3534 *mem-write-8                        6                0
#
#
# $rtn-counts rtn[912,__internal_atexit] at 0x7f8168461000
#
#     opcode       count-unpredicated    count-predicated
#
   8 ADD                                 1                0
  67 CALL_NEAR                           1                0
 100 CMP                                 2                0
 109 CMPXCHG                             1                0
 146 DEC                                 1                0
 317 JZ                                  5                0
 374 LEA                                 1                0
 411 MOV                                10                0
 466 NOP                                 1                0
 597 POP                                 4                0
 651 PUSH                                4                0
 718 RET_NEAR                            1                0
 719 ROL                                 1                0
 795 SUB                                 1                0
 809 TEST                                1                0
1568 XOR                                 3                0
3000 *total                             38                0
3002 *stack-read                         5                0
3003 *stack-write                        5                0
3004 *iprel-read                         2                0
3010 *mem-read-4                         4                0
3014 *mem-read-8                         6                0
3530 *mem-write-4                        2                0
3534 *mem-write-8                        9                0
#
#
# $rtn-counts rtn[913,__cxa_atexit] at 0x7f81684610f0
#
#     opcode       count-unpredicated    count-predicated
#
 303 JMP                                 1                0
 374 LEA                                 1                0
 466 NOP                                 1                0
3000 *total                              3                0
#
#
# $rtn-counts rtn[919,__call_tls_dtors] at 0x7f8168461440
#
#     opcode       count-unpredicated    count-predicated
#
   8 ADD                                 1                0
 317 JZ                                  1                0
 411 MOV                                 2                0
 466 NOP                                 1                0
 597 POP                                 2                0
 651 PUSH                                2                0
 718 RET_NEAR                            1                0
 795 SUB                                 1                0
 809 TEST                                1                0
3000 *total                             12                0
3002 *stack-read                         4                0
3003 *stack-write                        2                0
3004 *iprel-read                         1                0
3014 *mem-read-8                         5                0
3534 *mem-write-8                        2                0
#
#
# $rtn-counts rtn[960,getrandom] at 0x7f81684623a0
#
#     opcode       count-unpredicated    count-predicated
#
 100 CMP                                 1                0
 306 JNBE                                1                0
 312 JNZ                                 1                0
 374 LEA                                 1                0
 411 MOV                                 2                0
 466 NOP                                 1                0
 718 RET_NEAR                            1                0
 802 SYSCALL                             1                0
 809 TEST                                1                0
3000 *total                             10                0
3002 *stack-read                         1                0
3010 *mem-read-4                         1                0
3014 *mem-read-8                         1                0
#
#
# $rtn-counts rtn[965,__strtoll_internal] at 0x7f8168462c10
#
#     opcode       count-unpredicated    count-predicated
#
 303 JMP                            262144                0
 411 MOV                            524288                0
 466 NOP                            262144                0
3000 *total                        1048576                0
3004 *iprel-read                    262144                0
3014 *mem-read-8                    524288                0
#
#
# $rtn-counts rtn[966,strtol] at 0x7f8168462c30
#
#     opcode       count-unpredicated    count-predicated
#
 303 JMP                                 1                0
 411 MOV                                 2                0
 466 NOP                                 1                0
1568 XOR                                 1                0
3000 *total                              5                0
3004 *iprel-read                         1                0
3014 *mem-read-8                         2                0
#
#
# $rtn-counts rtn[969,____strtol_l_internal] at 0x7f8168462c90
#
#     opcode       count-unpredicated    count-predicated
#
   8 ADD                           1530350                0
  70 CDQE                                9                0
 100 CMP                           6121391                0
 273 IMUL                          1006060                0
 298 JBE                           2012120                0
 303 JMP                            262154                0
 306 JNBE                           262145                0
 307 JNL                           1006060                0
 311 JNS                            262145                0
 312 JNZ                           1792477                0
 317 JZ                            5157851                0
 374 LEA                           2274292                0
 411 MOV                           5200379                0
 448 MOVSX                          262145                0
 449 MOVSXD                         262145                0
 452 MOVZX                         3804615                0
 466 NOP                            262145                0
 597 POP                           1572870                0
 651 PUSH                          1572870                0
 718 RET_NEAR                       262145                0
 757 SETZ                           262145                0
 795 SUB                            262145                0
 809 TEST                          3627492                0
1568 XOR                           1310734                0
3000 *total                       40348884                0
3002 *stack-read                   2359305                0
3003 *stack-write                  2621450                0
3004 *iprel-read                    524290                0
3007 *mem-read-1                   1792504                0
3010 *mem-read-4                    262145                0
3014 *mem-read-8                   2883604                0
3527 *mem-write-1                   262145                0
3530 *mem-write-4                   262145                0
3534 *mem-write-8                  2359304                0
#
#
# $rtn-counts rtn[1055,_itoa_word] at 0x7f8168473600
#
#     opcode       count-unpredicated    count-predicated
#
   8 ADD                               284                0
  99 CMOVZ                              89                0
 100 CMP                               373                0
 303 JMP                                89                0
 306 JNBE                              284                0
 317 JZ                                 89                0
 374 LEA                               462                0
 411 MOV                              1225                0
 452 MOVZX                             284                0
 456 MUL                               284                0
 466 NOP                                89                0
 718 RET_NEAR                           89                0
 770 SHR                               284                0
 795 SUB                               568                0
 809 TEST                               89                0
3000 *total                           4582                0
3002 *stack-read                        89                0
3007 *mem-read-1                       284                0
3014 *mem-read-8                        89                0
3527 *mem-write-1                      284                0
#
#
# $rtn-counts rtn[1064,vfprintf] at 0x7f8168476430
#
#     opcode       count-unpredicated    count-predicated
#
   8 ADD                               791                0
  23 AND                               255                0
  67 CALL_NEAR                         524                0
  70 CDQE                               89                0
  95 CMOVNZ                            262                0
  98 CMOVS                              87                0
 100 CMP                              2689                0
 109 CMPXCHG                            84                0
 146 DEC                                84                0
 297 JB                                178                0
 298 JBE                               351                0
 302 JLE                                89                0
 303 JMP                               698                0
 306 JNBE                               89                0
 307 JNL                                89                0
 308 JNLE                               89                0
 311 JNS                                89                0
 312 JNZ                              2229                0
 316 JS                                529                0
 317 JZ                               1380                0
 374 LEA                              1236                0
 411 MOV                              9589                0
 421 MOVDQU                             84                0
 448 MOVSX                              89                0
 449 MOVSXD                            618                0
 451 MOVUPS                             84                0
 452 MOVZX                             265                0
 466 NOP                               253                0
 477 OR                                178                0
 597 POP                               504                0
 651 PUSH                              504                0
 718 RET_NEAR                           84                0
 757 SETZ                               89                0
 770 SHR                                84                0
 795 SUB                              1128                0
 809 TEST                             2003                0
1568 XOR                              1055                0
3000 *total                          28522                0
3002 *stack-read                      3387                0
3003 *stack-write                     3953                0
3004 *iprel-read                       660                0
3007 *mem-read-1                       527                0
3010 *mem-read-4                      1987                0
3014 *mem-read-8                      4024                0
3022 *mem-read-16                       84                0
3527 *mem-write-1                       89                0
3530 *mem-write-4                     1639                0
3534 *mem-write-8                     2735                0
3542 *mem-write-16                      84                0
#
#
# $rtn-counts rtn[1084,_IO_printf] at 0x7f816847e8b0
#
#     opcode       count-unpredicated    count-predicated
#
   8 ADD                                84                0
  67 CALL_NEAR                          84                0
 312 JNZ                                84                0
 317 JZ                                 84                0
 374 LEA                               168                0
 411 MOV                              1344                0
 466 NOP                                84                0
 718 RET_NEAR                           84                0
 795 SUB                                84                0
 809 TEST                               84                0
1568 XOR                               168                0
3000 *total                           2352                0
3002 *stack-read                       168                0
3003 *stack-write                      924                0
3004 *iprel-read                        84                0
3014 *mem-read-8                       504                0
3530 *mem-write-4                      168                0
3534 *mem-write-8                      756                0
#
#
# $rtn-counts rtn[1100,_IO_vfscanf] at 0x7f8168484570
#
#     opcode       count-unpredicated    count-predicated
#
   8 ADD                           8037915                0
  23 AND                           4236823                0
  58 BT                             131073                0
  67 CALL_NEAR                      787233                0
  95 CMOVNZ                         131074                0
 100 CMP                          18662565                0
 298 JBE                            262145                0
 301 JL                            1006050                0
 303 JMP                           1966096                0
 305 JNB                           3932162                0
 306 JNBE                          2709991                0
 312 JNZ                           7079475                0
 317 JZ                           13635012                0
 374 LEA                          11012762                0
 411 MOV                          41994554                0
 413 MOVAPS                         131073                0
 421 MOVDQU                         131073                0
 449 MOVSXD                        3057175                0
 451 MOVUPS                         131073                0
 452 MOVZX                         9741856                0
 466 NOP                            786434                0
 477 OR                             262145                0
 597 POP                            786438                0
 651 PUSH                           786438                0
 718 RET_NEAR                       131073                0
 748 SETNLE                        1006059                0
 795 SUB                           2317575                0
 809 TEST                          7255793                0
1568 XOR                           1792496                0
3000 *total                      143901631                0
3002 *stack-read                  15952051                0
3003 *stack-write                 12279353                0
3004 *iprel-read                    655365                0
3007 *mem-read-1                   6553600                0
3008 *mem-read-2                   2532886                0
3010 *mem-read-4                   9090259                0
3014 *mem-read-8                  20535843                0
3022 *mem-read-16                   131073                0
3527 *mem-write-1                  1530348                0
3530 *mem-write-4                  5112079                0
3534 *mem-write-8                 11491853                0
3542 *mem-write-16                  262146                0
#
#
# $rtn-counts rtn[1132,__isoc99_scanf] at 0x7f81684938d0
#
#     opcode       count-unpredicated    count-predicated
#
   8 ADD                            262146                0
  23 AND                            262146                0
  67 CALL_NEAR                      131073                0
 100 CMP                            393219                0
 109 CMPXCHG                        131073                0
 146 DEC                            131073                0
 303 JMP                            131073                0
 312 JNZ                            393219                0
 317 JZ                             917511                0
 374 LEA                            262146                0
 411 MOV                           3932190                0
 466 NOP                            131073                0
 477 OR                             131073                0
 597 POP                            131073                0
 651 PUSH                           131073                0
 718 RET_NEAR                       131073                0
 795 SUB                            262146                0
 809 TEST                           262146                0
1568 XOR                            393219                0
3000 *total                        8519745                0
3002 *stack-read                    393219                0
3003 *stack-write                  1572876                0
3004 *iprel-read                    393219                0
3010 *mem-read-4                   1310730                0
3014 *mem-read-8                   1835022                0
3530 *mem-write-4                  1048584                0
3534 *mem-write-8                  1572876                0
#
#
# $rtn-counts rtn[1147,_IO_file_doallocate] at 0x7f8168495700
#
#     opcode       count-unpredicated    count-predicated
#
   8 ADD                                 2                0
  23 AND                                 4                0
  67 CALL_NEAR                           6                0
 100 CMP                                 7                0
 298 JBE                                 2                0
 303 JMP                                 1                0
 306 JNBE                                3                0
 312 JNZ                                 2                0
 316 JS                                  4                0
 317 JZ                                  4                0
 374 LEA                                 8                0
 411 MOV                                36                0
 466 NOP                                 2                0
 477 OR                                  2                0
 597 POP                                 6                0
 651 PUSH                                6                0
 718 RET_NEAR                            2                0
 770 SHR                                 2                0
 795 SUB                                 7                0
 809 TEST                                6                0
1568 XOR                                 4                0
3000 *total                            116                0
3002 *stack-read                        16                0
3003 *stack-write                       15                0
3010 *mem-read-4                         5                0
3014 *mem-read-8                        21                0
3530 *mem-write-4                        1                0
3534 *mem-write-8                       14                0
#
#
# $rtn-counts rtn[1181,_IO_puts] at 0x7f8168497be0
#
#     opcode       count-unpredicated    count-predicated
#
   8 ADD                                 3                0
  23 AND                                 1                0
  67 CALL_NEAR                           3                0
  89 CMOVNBE                             1                0
 100 CMP                                 9                0
 109 CMPXCHG                             1                0
 146 DEC                                 1                0
 298 JBE                                 1                0
 305 JNB                                 1                0
 312 JNZ                                 6                0
 317 JZ                                  6                0
 374 LEA                                 2                0
 411 MOV                                23                0
 466 NOP                                 1                0
 597 POP                                 4                0
 651 PUSH                                4                0
 718 RET_NEAR                            1                0
 795 SUB                                 4                0
 809 TEST                                2                0
3000 *total                             74                0
3002 *stack-read                        10                0
3003 *stack-write                        7                0
3004 *iprel-read                         5                0
3010 *mem-read-4                         9                0
3014 *mem-read-8                        17                0
3530 *mem-write-4                        4                0
3534 *mem-write-8                        9                0
#
#
# $rtn-counts rtn[1209,putchar] at 0x7f81684995c0
#
#     opcode       count-unpredicated    count-predicated
#
   8 ADD                                 2                0
  23 AND                                 2                0
  67 CALL_NEAR                           2                0
 100 CMP                                 8                0
 109 CMPXCHG                             2                0
 146 DEC                                 2                0
 303 JMP                                 2                0
 305 JNB                                 2                0
 312 JNZ                                 6                0
 317 JZ                                 10                0
 411 MOV                                30                0
 452 MOVZX                               2                0
 466 NOP                                 2                0
 597 POP                                 2                0
 651 PUSH                                2                0
 718 RET_NEAR                            2                0
 795 SUB                                 2                0
 809 TEST                                2                0
3000 *total                             82                0
3002 *stack-read                         4                0
3003 *stack-write                        4                0
3004 *iprel-read                         8                0
3010 *mem-read-4                        16                0
3014 *mem-read-8                        22                0
3530 *mem-write-4                        8                0
3534 *mem-write-8                        8                0
#
#
# $rtn-counts rtn[1339,_IO_file_sync] at 0x7f81684a0680
#
#     opcode       count-unpredicated    count-predicated
#
   8 ADD                                 2                0
 100 CMP                                 2                0
 298 JBE                                 2                0
 317 JZ                                  2                0
 411 MOV                                10                0
 466 NOP                                 2                0
 597 POP                                 4                0
 651 PUSH                                4                0
 718 RET_NEAR                            2                0
 795 SUB                                 4                0
1568 XOR                                 2                0
3000 *total                             36                0
3002 *stack-read                         6                0
3003 *stack-write                        4                0
3014 *mem-read-8                        14                0
3534 *mem-write-8                        6                0
#
#
# $rtn-counts rtn[1341,_IO_file_setbuf] at 0x7f81684a0780
#
#     opcode       count-unpredicated    count-predicated
#
  67 CALL_NEAR                           2                0
 317 JZ                                  2                0
 411 MOV                                18                0
 466 NOP                                 2                0
 597 POP                                 2                0
 651 PUSH                                2                0
 718 RET_NEAR                            2                0
 809 TEST                                2                0
3000 *total                             32                0
3002 *stack-read                         4                0
3003 *stack-write                        4                0
3014 *mem-read-8                         6                0
3534 *mem-write-8                       16                0
#
#
# $rtn-counts rtn[1343,new_do_write] at 0x7f81684a0830
#
#     opcode       count-unpredicated    count-predicated
#
   8 ADD                                14                0
  67 CALL_NEAR                          14                0
 100 CMP                                28                0
 298 JBE                                14                0
 302 JLE                                14                0
 312 JNZ                                14                0
 317 JZ                                 42                0
 374 LEA                                28                0
 411 MOV                               280                0
 452 MOVZX                              14                0
 597 POP                                84                0
 651 PUSH                               84                0
 718 RET_NEAR                           14                0
 795 SUB                                42                0
 809 TEST                               56                0
3000 *total                            742                0
3002 *stack-read                        98                0
3003 *stack-write                       98                0
3008 *mem-read-2                        14                0
3010 *mem-read-4                        42                0
3014 *mem-read-8                       168                0
3534 *mem-write-8                      182                0
#
#
# $rtn-counts rtn[1352,_IO_file_stat] at 0x7f81684a14d0
#
#     opcode       count-unpredicated    count-predicated
#
 303 JMP                                 2                0
 411 MOV                                 6                0
 466 NOP                                 2                0
3000 *total                             10                0
3010 *mem-read-4                         2                0
#
#
# $rtn-counts rtn[1353,_IO_file_write] at 0x7f81684a14f0
#
#     opcode       count-unpredicated    count-predicated
#
   8 ADD                                28                0
  67 CALL_NEAR                          14                0
 302 JLE                                28                0
 303 JMP                                28                0
 316 JS                                 28                0
 317 JZ                                 14                0
 411 MOV                               126                0
 466 NOP                                14                0
 597 POP                                56                0
 651 PUSH                               56                0
 718 RET_NEAR                           14                0
 795 SUB                                42                0
 809 TEST                               70                0
3000 *total                            518                0
3002 *stack-read                        70                0
3003 *stack-write                       70                0
3007 *mem-read-1                        14                0
3010 *mem-read-4                        14                0
3014 *mem-read-8                        84                0
3534 *mem-write-8                       70                0
#
#
# $rtn-counts rtn[1358,_IO_file_read] at 0x7f81684a1ac0
#
#     opcode       count-unpredicated    count-predicated
#
 303 JMP                               801                0
 312 JNZ                               801                0
 411 MOV                              1602                0
 466 NOP                               801                0
 809 TEST                              801                0
3000 *total                           4806                0
3007 *mem-read-1                       801                0
3010 *mem-read-4                       801                0
#
#
# $rtn-counts rtn[1359,_IO_file_xsputn] at 0x7f81684a1ae0
#
#     opcode       count-unpredicated    count-predicated
#
   8 ADD                               656                0
  23 AND                               192                0
  67 CALL_NEAR                         203                0
  85 CMOVBE                            191                0
 100 CMP                              1959                0
 148 DIV                                11                0
 298 JBE                                23                0
 303 JMP                               202                0
 305 JNB                               191                0
 306 JNBE                              191                0
 312 JNZ                               978                0
 317 JZ                                871                0
 374 LEA                               405                0
 411 MOV                              2471                0
 466 NOP                               263                0
 597 POP                              1578                0
 651 PUSH                             1578                0
 718 RET_NEAR                          263                0
 795 SUB                              1275                0
 809 TEST                              285                0
1568 XOR                               455                0
3000 *total                          14241                0
3002 *stack-read                      1841                0
3003 *stack-write                     1781                0
3007 *mem-read-1                       585                0
3010 *mem-read-4                       192                0
3014 *mem-read-8                      2269                0
3534 *mem-write-8                     1972                0
#
#
# $rtn-counts rtn[1367,_IO_do_write] at 0x7f81684a25c0
#
#     opcode       count-unpredicated    count-predicated
#
  67 CALL_NEAR                          14                0
 100 CMP                                14                0
 312 JNZ                                15                0
 411 MOV                                14                0
 452 MOVZX                              14                0
 464 NEG                                14                0
 466 NOP                                15                0
 597 POP                                14                0
 651 PUSH                               14                0
 718 RET_NEAR                           15                0
 752 SETNZ                              14                0
 809 TEST                               15                0
1568 XOR                                 1                0
3000 *total                            173                0
3002 *stack-read                        29                0
3003 *stack-write                       28                0
3014 *mem-read-8                        29                0
3534 *mem-write-8                       28                0
#
#
# $rtn-counts rtn[1368,_IO_file_underflow] at 0x7f81684a25f0
#
#     opcode       count-unpredicated    count-predicated
#
   8 ADD                               800                0
  67 CALL_NEAR                        1603                0
  95 CMOVNZ                              1                0
 100 CMP                              3203                0
 297 JB                                801                0
 302 JLE                               801                0
 303 JMP                                 1                0
 305 JNB                               801                0
 312 JNZ                              1602                0
 317 JZ                               2403                0
 374 LEA                              1602                0
 411 MOV                             13623                0
 452 MOVZX                             800                0
 466 NOP                               801                0
 477 OR                                  2                0
 597 POP                              4005                0
 651 PUSH                             4005                0
 718 RET_NEAR                          801                0
 795 SUB                              2403                0
 809 TEST                             3206                0
3000 *total                          43264                0
3002 *stack-read                      4806                0
3003 *stack-write                     5608                0
3007 *mem-read-1                       800                0
3010 *mem-read-4                       803                0
3014 *mem-read-8                     12814                0
3530 *mem-write-4                        1                0
3534 *mem-write-8                    11215                0
#
#
# $rtn-counts rtn[1369,_IO_file_overflow] at 0x7f81684a28b0
#
#     opcode       count-unpredicated    count-predicated
#
  23 AND                                 1                0
  67 CALL_NEAR                           5                0
 100 CMP                                58                0
 303 JMP                                12                0
 308 JNLE                                1                0
 312 JNZ                                45                0
 317 JZ                                118                0
 374 LEA                                14                0
 411 MOV                               217                0
 452 MOVZX                              14                0
 466 NOP                                25                0
 477 OR                                  1                0
 597 POP                                75                0
 651 PUSH                               75                0
 718 RET_NEAR                           14                0
 795 SUB                                15                0
 809 TEST                              105                0
3000 *total                            795                0
3002 *stack-read                        89                0
3003 *stack-write                       80                0
3010 *mem-read-4                        41                0
3014 *mem-read-8                       174                0
3527 *mem-write-1                       14                0
3530 *mem-write-4                        1                0
3534 *mem-write-8                      103                0
#
#
# $rtn-counts rtn[1378,_IO_switch_to_get_mode] at 0x7f81684a3390
#
#     opcode       count-unpredicated    count-predicated
#
   8 ADD                               801                0
  23 AND                               801                0
 100 CMP                              1602                0
 298 JBE                               801                0
 305 JNB                               801                0
 312 JNZ                               801                0
 411 MOV                              7209                0
 466 NOP                               801                0
 597 POP                              1602                0
 651 PUSH                             1602                0
 718 RET_NEAR                          801                0
 795 SUB                               801                0
 809 TEST                              801                0
1568 XOR                               801                0
3000 *total                          20025                0
3002 *stack-read                      2403                0
3003 *stack-write                     1602                0
3010 *mem-read-4                       801                0
3014 *mem-read-8                      5607                0
3530 *mem-write-4                      801                0
3534 *mem-write-8                     4806                0
#
#
# $rtn-counts rtn[1380,__overflow] at 0x7f81684a3470
#
#     opcode       count-unpredicated    count-predicated
#
   8 ADD                                 3                0
 100 CMP                                 3                0
 298 JBE                                 3                0
 303 JMP                                 3                0
 312 JNZ                                 3                0
 374 LEA                                 6                0
 411 MOV                                12                0
 466 NOP                                 3                0
 597 POP                                 3                0
 651 PUSH                                3                0
 795 SUB                                 9                0
 809 TEST                                3                0
3000 *total                             54                0
3002 *stack-read                         3                0
3003 *stack-write                        3                0
3010 *mem-read-4                         3                0
3014 *mem-read-8                         9                0
3534 *mem-write-8                        3                0
#
#
# $rtn-counts rtn[1382,__uflow] at 0x7f81684a3600
#
#     opcode       count-unpredicated    count-predicated
#
   8 ADD                               801                0
 100 CMP                              4005                0
 297 JB                                801                0
 298 JBE                               801                0
 303 JMP                               801                0
 312 JNZ                              2403                0
 317 JZ                               2403                0
 374 LEA                              1602                0
 411 MOV                              5607                0
 466 NOP                               801                0
 597 POP                              1602                0
 651 PUSH                             1602                0
 795 SUB                              2403                0
 809 TEST                             2403                0
3000 *total                          28035                0
3002 *stack-read                      2403                0
3003 *stack-write                     1602                0
3010 *mem-read-4                      2403                0
3014 *mem-read-8                      6408                0
3534 *mem-write-8                     1602                0
#
#
# $rtn-counts rtn[1383,_IO_setb] at 0x7f81684a3720
#
#     opcode       count-unpredicated    count-predicated
#
   8 ADD                                 2                0
  23 AND                                 2                0
  95 CMOVNZ                              2                0
 317 JZ                                  2                0
 411 MOV                                14                0
 466 NOP                                 2                0
 477 OR                                  2                0
 597 POP                                 2                0
 651 PUSH                                2                0
 718 RET_NEAR                            2                0
 795 SUB                                 2                0
 809 TEST                                4                0
3000 *total                             38                0
3002 *stack-read                         4                0
3003 *stack-write                        2                0
3010 *mem-read-4                         2                0
3014 *mem-read-8                         6                0
3530 *mem-write-4                        2                0
3534 *mem-write-8                        6                0
#
#
# $rtn-counts rtn[1384,_IO_doallocbuf] at 0x7f81684a3790
#
#     opcode       count-unpredicated    count-predicated
#
  67 CALL_NEAR                           2                0
 100 CMP                                 6                0
 298 JBE                                 2                0
 312 JNZ                                 2                0
 317 JZ                                  4                0
 374 LEA                                 4                0
 411 MOV                                10                0
 466 NOP                                 2                0
 597 POP                                 6                0
 651 PUSH                                6                0
 718 RET_NEAR                            2                0
 795 SUB                                 4                0
 809 TEST                                2                0
3000 *total                             52                0
3002 *stack-read                        10                0
3003 *stack-write                        8                0
3010 *mem-read-4                         2                0
3014 *mem-read-8                        14                0
3534 *mem-write-8                        8                0
#
#
# $rtn-counts rtn[1386,_IO_default_uflow] at 0x7f81684a3860
#
#     opcode       count-unpredicated    count-predicated
#
   8 ADD                               801                0
  67 CALL_NEAR                         801                0
 100 CMP                              1602                0
 298 JBE                               801                0
 317 JZ                                801                0
 374 LEA                              2402                0
 411 MOV                              4804                0
 452 MOVZX                             800                0
 466 NOP                               801                0
 597 POP                              1602                0
 651 PUSH                             1602                0
 718 RET_NEAR                          801                0
 795 SUB                              2403                0
3000 *total                          20021                0
3002 *stack-read                      3204                0
3003 *stack-write                     2403                0
3007 *mem-read-1                       800                0
3014 *mem-read-8                      4805                0
3534 *mem-write-8                     3203                0
#
#
# $rtn-counts rtn[1387,_IO_default_xsputn] at 0x7f81684a38c0
#
#     opcode       count-unpredicated    count-predicated
#
   8 ADD                                 1                0
  67 CALL_NEAR                          11                0
 100 CMP                                34                0
 298 JBE                                11                0
 303 JMP                                 1                0
 305 JNB                                12                0
 317 JZ                                 24                0
 374 LEA                                13                0
 411 MOV                                73                0
 452 MOVZX                              11                0
 466 NOP                                 1                0
 597 POP                                 6                0
 651 PUSH                                6                0
 718 RET_NEAR                            1                0
 795 SUB                                24                0
 809 TEST                               13                0
1568 XOR                                 1                0
3000 *total                            243                0
3002 *stack-read                         8                0
3003 *stack-write                       18                0
3007 *mem-read-1                        11                0
3014 *mem-read-8                        54                0
3534 *mem-write-8                       18                0
#
#
# $rtn-counts rtn[1390,_IO_default_setbuf] at 0x7f81684a3b00
#
#     opcode       count-unpredicated    count-predicated
#
   8 ADD                                 2                0
  67 CALL_NEAR                           2                0
 100 CMP                                 4                0
 298 JBE                                 2                0
 303 JMP                                 2                0
 317 JZ                                  8                0
 374 LEA                                 8                0
 411 MOV                                40                0
 466 NOP                                 2                0
 477 OR                                  4                0
 597 POP                                 8                0
 651 PUSH                                8                0
 718 RET_NEAR                            2                0
 795 SUB                                 6                0
 809 TEST                                6                0
3000 *total                            104                0
3002 *stack-read                        10                0
3003 *stack-write                       10                0
3010 *mem-read-4                         2                0
3014 *mem-read-8                        16                0
3530 *mem-write-4                        4                0
3534 *mem-write-8                       26                0
#
#
# $rtn-counts rtn[1401,_IO_sputbackc] at 0x7f81684a3fb0
#
#     opcode       count-unpredicated    count-predicated
#
   8 ADD                            524288                0
  23 AND                            524288                0
 100 CMP                           1048576                0
 298 JBE                            524288                0
 303 JMP                            524288                0
 317 JZ                             524288                0
 411 MOV                           1572864                0
 452 MOVZX                          524288                0
 466 NOP                            524288                0
 597 POP                           1048576                0
 651 PUSH                          1048576                0
 718 RET_NEAR                       524288                0
 795 SUB                           1048576                0
3000 *total                        9961472                0
3002 *stack-read                   1572864                0
3003 *stack-write                  1048576                0
3007 *mem-read-1                    524288                0
3010 *mem-read-4                    524288                0
3014 *mem-read-8                   2621440                0
3530 *mem-write-4                   524288                0
3534 *mem-write-8                  1572864                0
#
#
# $rtn-counts rtn[1404,_IO_flush_all_lockp] at 0x7f81684a4100
#
#     opcode       count-unpredicated    count-predicated
#
   8 ADD                                 1                0
 100 CMP                                 6                0
 109 CMPXCHG                             1                0
 146 DEC                                 1                0
 303 JMP                                 5                0
 306 JNBE                                3                0
 308 JNLE                                3                0
 312 JNZ                                 2                0
 317 JZ                                 17                0
 374 LEA                                 4                0
 411 MOV                                35                0
 466 NOP                                 1                0
 597 POP                                 6                0
 651 PUSH                                6                0
 718 RET_NEAR                            1                0
 795 SUB                                 3                0
 809 TEST                               16                0
1568 XOR                                 4                0
3000 *total                            115                0
3002 *stack-read                         9                0
3003 *stack-write                       10                0
3004 *iprel-read                         9                0
3005 *iprel-write                       12                0
3010 *mem-read-4                        11                0
3014 *mem-read-8                        23                0
3530 *mem-write-4                        5                0
3534 *mem-write-8                       17                0
#
#
# $rtn-counts rtn[1405,_IO_cleanup] at 0x7f81684a4410
#
#     opcode       count-unpredicated    count-predicated
#
   8 ADD                                 1                0
  23 AND                                 3                0
  67 CALL_NEAR                           3                0
 100 CMP                                15                0
 109 CMPXCHG                             3                0
 146 DEC                                 3                0
 298 JBE                                 2                0
 302 JLE                                 2                0
 303 JMP                                 8                0
 312 JNZ                                 9                0
 317 JZ                                 31                0
 374 LEA                                 4                0
 411 MOV                                65                0
 466 NOP                                 1                0
 477 OR                                  2                0
 597 POP                                 6                0
 651 PUSH                                6                0
 718 RET_NEAR                            1                0
 795 SUB                                 7                0
 809 TEST                               19                0
1568 XOR                                10                0
3000 *total                            201                0
3002 *stack-read                         9                0
3003 *stack-write                       13                0
3004 *iprel-read                        17                0
3005 *iprel-write                        8                0
3007 *mem-read-1                         2                0
3010 *mem-read-4                        27                0
3014 *mem-read-8                        33                0
3530 *mem-write-4                       18                0
3534 *mem-write-8                       24                0
#
#
# $rtn-counts rtn[1496,malloc_init_state] at 0x7f81684a69d0
#
#     opcode       count-unpredicated    count-predicated
#
   8 ADD                               127                0
 100 CMP                               128                0
 303 JMP                                 1                0
 312 JNZ                               127                0
 317 JZ                                  1                0
 374 LEA                                 3                0
 411 MOV                               258                0
 466 NOP                                 1                0
 718 RET_NEAR                            1                0
3000 *total                            647                0
3002 *stack-read                         1                0
3005 *iprel-write                        1                0
3014 *mem-read-8                         1                0
3530 *mem-write-4                        1                0
3534 *mem-write-8                      256                0
#
#
# $rtn-counts rtn[1508,munmap_chunk] at 0x7f81684a6e90
#
#     opcode       count-unpredicated    count-predicated
#
   8 ADD                                 6                0
  15 ADD_LOCK                            2                0
  23 AND                                10                0
 100 CMP                                 4                0
 147 DEC_LOCK                            2                0
 298 JBE                                 4                0
 303 JMP                                 2                0
 312 JNZ                                 2                0
 317 JZ                                  2                0
 374 LEA                                 2                0
 411 MOV                                18                0
 464 NEG                                 2                0
 477 OR                                  4                0
 795 SUB                                 6                0
3000 *total                             66                0
3001 *mem-atomic                         4                0
3004 *iprel-read                        10                0
3005 *iprel-write                        4                0
3010 *mem-read-4                         2                0
3014 *mem-read-8                        14                0
3530 *mem-write-4                        2                0
3534 *mem-write-8                        2                0
#
#
# $rtn-counts rtn[1510,ptmalloc_init.part.0] at 0x7f81684a70b0
#
#     opcode       count-unpredicated    count-predicated
#
   8 ADD                                 1                0
  67 CALL_NEAR                          15                0
 100 CMP                                 3                0
 303 JMP                                 1                0
 312 JNZ                                 2                0
 317 JZ                                  4                0
 374 LEA                                17                0
 411 MOV                                37                0
 597 POP                                 2                0
 651 PUSH                                2                0
 718 RET_NEAR                            1                0
 795 SUB                                 1                0
 809 TEST                                2                0
1568 XOR                                 3                0
3000 *total                             91                0
3002 *stack-read                         5                0
3003 *stack-write                       18                0
3004 *iprel-read                         3                0
3005 *iprel-write                        2                0
3014 *mem-read-8                        12                0
3530 *mem-write-4                        2                0
3534 *mem-write-8                       19                0
#
#
# $rtn-counts rtn[1521,_int_free] at 0x7f81684a8380
#
#     opcode       count-unpredicated    count-predicated
#
   8 ADD                                 3                0
  23 AND                                 4                0
 100 CMP                                12                0
 297 JB                                  2                0
 298 JBE                                 4                0
 303 JMP                                 1                0
 306 JNBE                                3                0
 312 JNZ                                 8                0
 317 JZ                                  7                0
 374 LEA                                 4                0
 411 MOV                                24                0
 464 NEG                                 1                0
 477 OR                                  1                0
 597 POP                                 6                0
 651 PUSH                                6                0
 718 RET_NEAR                            1                0
 770 SHR                                 1                0
 795 SUB                                 1                0
 809 TEST                               11                0
1568 XOR                                 2                0
3000 *total                            102                0
3002 *stack-read                         9                0
3003 *stack-write                        8                0
3004 *iprel-read                         5                0
3007 *mem-read-1                         3                0
3010 *mem-read-4                         4                0
3014 *mem-read-8                        23                0
3530 *mem-write-4                        1                0
3534 *mem-write-8                        9                0
#
#
# $rtn-counts rtn[1522,sysmalloc] at 0x7f81684a8dd0
#
#     opcode       count-unpredicated    count-predicated
#
   8 ADD                                22                0
  23 AND                                13                0
  67 CALL_NEAR                           6                0
  95 CMOVNZ                              2                0
 100 CMP                                37                0
 114 CMPXCHG_LOCK                        6                0
 297 JB                                  3                0
 298 JBE                                11                0
 302 JLE                                 5                0
 303 JMP                                 4                0
 305 JNB                                 2                0
 306 JNBE                                2                0
 307 JNL                                 3                0
 312 JNZ                                20                0
 316 JS                                  1                0
 317 JZ                                 22                0
 374 LEA                                27                0
 411 MOV                               134                0
 464 NEG                                 7                0
 466 NOP                                 2                0
 477 OR                                 14                0
 597 POP                                30                0
 651 PUSH                               30                0
 718 RET_NEAR                            5                0
 795 SUB                                11                0
 809 TEST                               24                0
1562 XADD_LOCK                           6                0
1568 XOR                                 8                0
3000 *total                            457                0
3001 *mem-atomic                        12                0
3002 *stack-read                        43                0
3003 *stack-write                       51                0
3004 *iprel-read                        49                0
3005 *iprel-write                       17                0
3007 *mem-read-1                         3                0
3010 *mem-read-4                        15                0
3014 *mem-read-8                        95                0
3527 *mem-write-1                        2                0
3530 *mem-write-4                        6                0
3534 *mem-write-8                       76                0
#
#
# $rtn-counts rtn[1523,_int_malloc] at 0x7f81684a9640
#
#     opcode       count-unpredicated    count-predicated
#
   8 ADD                                91                0
  23 AND                                24                0
  67 CALL_NEAR                           5                0
  84 CMOVB                               3                0
  89 CMOVNBE                            23                0
 100 CMP                               209                0
 297 JB                                 24                0
 298 JBE                                66                0
 303 JMP                                 5                0
 306 JNBE                               32                0
 312 JNZ                                46                0
 317 JZ                                 83                0
 374 LEA                               190                0
 411 MOV                               640                0
 452 MOVZX                               7                0
 466 NOP                                17                0
 477 OR                                 21                0
 597 POP                                72                0
 651 PUSH                               72                0
 718 RET_NEAR                           12                0
 746 SETNBE                             12                0
 752 SETNZ                              19                0
 767 SHL                                19                0
 770 SHR                                96                0
 795 SUB                                19                0
 809 TEST                               99                0
1568 XOR                                36                0
3000 *total                           1942                0
3002 *stack-read                       106                0
3003 *stack-write                      337                0
3004 *iprel-read                        83                0
3010 *mem-read-4                        67                0
3014 *mem-read-8                       228                0
3527 *mem-write-1                       12                0
3530 *mem-write-4                      104                0
3534 *mem-write-8                      242                0
#
#
# $rtn-counts rtn[1525,tcache_init.part.7] at 0x7f81684aa5a0
#
#     opcode       count-unpredicated    count-predicated
#
  23 AND                                 1                0
  67 CALL_NEAR                           1                0
 100 CMP                                 2                0
 109 CMPXCHG                             1                0
 146 DEC                                 1                0
 317 JZ                                  7                0
 374 LEA                                 2                0
 411 MOV                                10                0
 597 POP                                 1                0
 651 PUSH                                1                0
 718 RET_NEAR                            1                0
 770 SHR                                 1                0
 792 STOSQ                              79                0
 795 SUB                                 1                0
 809 TEST                                3                0
1568 XOR                                 2                0
3000 *total                            114                0
3002 *stack-read                         2                0
3003 *stack-write                        2                0
3004 *iprel-read                         4                0
3010 *mem-read-4                         4                0
3014 *mem-read-8                         5                0
3530 *mem-write-4                        2                0
3534 *mem-write-8                       84                0
#
#
# $rtn-counts rtn[1536,__libc_malloc] at 0x7f81684ab2c0
#
#     opcode       count-unpredicated    count-predicated
#
  23 AND                                 3                0
  67 CALL_NEAR                           4                0
 100 CMP                                13                0
 297 JB                                  3                0
 298 JBE                                 1                0
 303 JMP                                 3                0
 306 JNBE                                5                0
 312 JNZ                                13                0
 317 JZ                                  9                0
 374 LEA                                13                0
 411 MOV                                31                0
 452 MOVZX                               1                0
 466 NOP                                 3                0
 597 POP                                 9                0
 651 PUSH                                9                0
 718 RET_NEAR                            3                0
 746 SETNBE                              3                0
 770 SHR                                 3                0
 809 TEST                               21                0
3000 *total                            150                0
3002 *stack-read                        12                0
3003 *stack-write                       13                0
3004 *iprel-read                        10                0
3007 *mem-read-1                         1                0
3008 *mem-read-2                         1                0
3010 *mem-read-4                         3                0
3014 *mem-read-8                        31                0
3534 *mem-write-8                       13                0
#
#
# $rtn-counts rtn[1537,malloc_hook_ini] at 0x7f81684ab5e0
#
#     opcode       count-unpredicated    count-predicated
#
   8 ADD                                 1                0
  67 CALL_NEAR                           1                0
 303 JMP                                 1                0
 316 JS                                  1                0
 411 MOV                                 5                0
 466 NOP                                 1                0
 795 SUB                                 1                0
 809 TEST                                1                0
3000 *total                             12                0
3002 *stack-read                         1                0
3003 *stack-write                        2                0
3004 *iprel-read                         2                0
3010 *mem-read-4                         1                0
3014 *mem-read-8                         2                0
3534 *mem-write-8                        3                0
#
#
# $rtn-counts rtn[1540,__libc_free] at 0x7f81684ab950
#
#     opcode       count-unpredicated    count-predicated
#
   8 ADD                                 3                0
  23 AND                                 2                0
 100 CMP                                 9                0
 298 JBE                                 4                0
 303 JMP                                 5                0
 306 JNBE                                4                0
 312 JNZ                                 8                0
 317 JZ                                  5                0
 374 LEA                                 6                0
 411 MOV                                18                0
 466 NOP                                 5                0
 597 POP                                 3                0
 651 PUSH                                3                0
 795 SUB                                 3                0
 809 TEST                               12                0
1568 XOR                                 1                0
3000 *total                             91                0
3002 *stack-read                         3                0
3003 *stack-write                        3                0
3004 *iprel-read                        12                0
3005 *iprel-write                        4                0
3010 *mem-read-4                         2                0
3014 *mem-read-8                        20                0
3534 *mem-write-8                        7                0
#
#
# $rtn-counts rtn[1547,calloc] at 0x7f81684ac0f0
#
#     opcode       count-unpredicated    count-predicated
#
  23 AND                                14                0
  67 CALL_NEAR                          14                0
  84 CMOVB                               6                0
 100 CMP                                48                0
 273 IMUL                                9                0
 298 JBE                                16                0
 303 JMP                                 6                0
 306 JNBE                                6                0
 312 JNZ                                51                0
 317 JZ                                 25                0
 374 LEA                                28                0
 411 MOV                               150                0
 466 NOP                                 9                0
 477 OR                                  9                0
 597 POP                                45                0
 651 PUSH                               45                0
 718 RET_NEAR                            8                0
 795 SUB                                 6                0
 809 TEST                               56                0
1568 XOR                                 6                0
3000 *total                            557                0
3002 *stack-read                        54                0
3003 *stack-write                       59                0
3004 *iprel-read                        33                0
3010 *mem-read-4                        24                0
3014 *mem-read-8                       112                0
3534 *mem-write-8                       62                0
#
#
# $rtn-counts rtn[1557,__default_morecore] at 0x7f81684acf60
#
#     opcode       count-unpredicated    count-predicated
#
   8 ADD                                 3                0
  67 CALL_NEAR                           3                0
  99 CMOVZ                               3                0
 100 CMP                                 3                0
 411 MOV                                 3                0
 466 NOP                                 3                0
 718 RET_NEAR                            3                0
 795 SUB                                 3                0
3000 *total                             24                0
3002 *stack-read                         3                0
3003 *stack-write                        3                0
3014 *mem-read-8                         3                0
3534 *mem-write-8                        3                0
#
#
# $rtn-counts rtn[2145,_Exit] at 0x7f81685183e0
#
#     opcode       count-unpredicated    count-predicated
#
 303 JMP                                 1                0
 411 MOV                                 6                0
 466 NOP                                 1                0
 802 SYSCALL                             1                0
3000 *total                              9                0
3004 *iprel-read                         1                0
3014 *mem-read-8                         1                0
#
#
# $rtn-counts rtn[2375,__fxstat] at 0x7f816853dc40
#
#     opcode       count-unpredicated    count-predicated
#
 100 CMP                                 4                0
 306 JNBE                                4                0
 411 MOV                                 8                0
 466 NOP                                 2                0
 718 RET_NEAR                            2                0
 802 SYSCALL                             2                0
3000 *total                             22                0
3002 *stack-read                         2                0
3014 *mem-read-8                         2                0
#
#
# $rtn-counts rtn[2392,read] at 0x7f816853e5e0
#
#     opcode       count-unpredicated    count-predicated
#
 100 CMP                               801                0
 306 JNBE                              801                0
 312 JNZ                               801                0
 374 LEA                               801                0
 411 MOV                               801                0
 466 NOP                               801                0
 718 RET_NEAR                          801                0
 802 SYSCALL                           801                0
 809 TEST                              801                0
1568 XOR                               801                0
3000 *total                           8010                0
3002 *stack-read                       801                0
3010 *mem-read-4                       801                0
3014 *mem-read-8                       801                0
#
#
# $rtn-counts rtn[2393,__write] at 0x7f816853e680
#
#     opcode       count-unpredicated    count-predicated
#
 100 CMP                                14                0
 306 JNBE                               14                0
 312 JNZ                                14                0
 374 LEA                                14                0
 411 MOV                                28                0
 466 NOP                                14                0
 718 RET_NEAR                           14                0
 802 SYSCALL                            14                0
 809 TEST                               14                0
3000 *total                            140                0
3002 *stack-read                        14                0
3010 *mem-read-4                        14                0
3014 *mem-read-8                        14                0
#
#
# $rtn-counts rtn[2480,brk] at 0x7f81685445e0
#
#     opcode       count-unpredicated    count-predicated
#
 100 CMP                                10                0
 306 JNBE                               10                0
 411 MOV                                15                0
 466 NOP                                 5                0
 718 RET_NEAR                            5                0
 802 SYSCALL                             5                0
1568 XOR                                 5                0
3000 *total                             55                0
3002 *stack-read                         5                0
3004 *iprel-read                         5                0
3014 *mem-read-8                        10                0
3534 *mem-write-8                        5                0
#
#
# $rtn-counts rtn[2481,sbrk] at 0x7f8168544640
#
#     opcode       count-unpredicated    count-predicated
#
   8 ADD                                 2                0
  67 CALL_NEAR                           5                0
 302 JLE                                 2                0
 303 JMP                                 3                0
 312 JNZ                                 2                0
 316 JS                                  5                0
 317 JZ                                  8                0
 374 LEA                                 2                0
 411 MOV                                19                0
 466 NOP                                 3                0
 597 POP                                 9                0
 651 PUSH                                9                0
 718 RET_NEAR                            3                0
 741 SETB                                2                0
 809 TEST                               15                0
1568 XOR                                 3                0
3000 *total                             92                0
3002 *stack-read                        12                0
3003 *stack-write                       14                0
3004 *iprel-read                         5                0
3010 *mem-read-4                         2                0
3014 *mem-read-8                        21                0
3534 *mem-write-8                       14                0
#
#
# $rtn-counts rtn[2564,mmap] at 0x7f8168548610
#
#     opcode       count-unpredicated    count-predicated
#
 100 CMP                                 3                0
 306 JNBE                                3                0
 312 JNZ                                 3                0
 317 JZ                                  6                0
 411 MOV                                39                0
 466 NOP                                 3                0
 597 POP                                18                0
 651 PUSH                               18                0
 718 RET_NEAR                            3                0
 802 SYSCALL                             3                0
 809 TEST                                9                0
3000 *total                            108                0
3002 *stack-read                        21                0
3003 *stack-write                       18                0
3014 *mem-read-8                        21                0
3534 *mem-write-8                       18                0
#
#
# $rtn-counts rtn[2623,__init_misc] at 0x7f816854f190
#
#     opcode       count-unpredicated    count-predicated
#
   8 ADD                                 1                0
  67 CALL_NEAR                           1                0
  95 CMOVNZ                              1                0
 317 JZ                                  2                0
 374 LEA                                 1                0
 411 MOV                                 9                0
 466 NOP                                 1                0
 597 POP                                 2                0
 651 PUSH                                2                0
 718 RET_NEAR                            1                0
 795 SUB                                 1                0
 809 TEST                                3                0
3000 *total                             25                0
3002 *stack-read                         3                0
3003 *stack-write                        3                0
3004 *iprel-read                         2                0
3014 *mem-read-8                         7                0
3534 *mem-write-8                        5                0
#
#
# $rtn-counts rtn[3508,_dl_addr] at 0x7f8168588c50
#
#     opcode       count-unpredicated    count-predicated
#
   8 ADD                              6562                0
  23 AND                              2329                0
  67 CALL_NEAR                           3                0
 100 CMP                              8892                0
 297 JB                               2325                0
 303 JMP                              3251                0
 305 JNB                               868                0
 312 JNZ                              3226                0
 317 JZ                               9942                0
 374 LEA                              5640                0
 411 MOV                             13204                0
 452 MOVZX                            4687                0
 466 NOP                                 1                0
 597 POP                                 6                0
 651 PUSH                                6                0
 718 RET_NEAR                            1                0
 732 SAR                              2358                0
 795 SUB                              2360                0
 809 TEST                             7469                0
1568 XOR                                 2                0
3000 *total                          73132                0
3002 *stack-read                         8                0
3003 *stack-write                       12                0
3004 *iprel-read                         1                0
3007 *mem-read-1                      4688                0
3008 *mem-read-2                      2358                0
3010 *mem-read-4                      1013                0
3014 *mem-read-8                      6458                0
3530 *mem-write-4                        1                0
3534 *mem-write-8                       16                0
#
#
# $rtn-counts rtn[27,.plt.sec] at 0x7f817cf70040
#
#     opcode       count-unpredicated    count-predicated
#
 303 JMP                                 2                0
 466 NOP                                 2                0
3000 *total                              4                0
3004 *iprel-read                         2                0
3014 *mem-read-8                         2                0
#
#
# $rtn-counts rtn[31,_dl_runtime_resolve_fxsave] at 0x7f817cf70b80
#
#     opcode       count-unpredicated    count-predicated
#
   8 ADD                                 7                0
  23 AND                                 7                0
  67 CALL_NEAR                           7                0
 256 FXRSTOR                             7                0
 258 FXSAVE                              7                0
 303 JMP                                 7                0
 411 MOV                               140                0
 466 NOP                                 7                0
 651 PUSH                                7                0
 795 SUB                                 7                0
3000 *total                            203                0
3002 *stack-read                        63                0
3003 *stack-write                       70                0
3014 *mem-read-8                        70                0
3518 *mem-read-512                       7                0
3534 *mem-write-8                       63                0
4038 *mem-write-512                      7                0
#
#
# $rtn-counts rtn[38,__GI___munmap] at 0x7f817cf70eb0
#
#     opcode       count-unpredicated    count-predicated
#
 100 CMP                                 1                0
 305 JNB                                 1                0
 411 MOV                                 1                0
 466 NOP                                 1                0
 718 RET_NEAR                            1                0
 802 SYSCALL                             1                0
3000 *total                              6                0
3002 *stack-read                         1                0
3014 *mem-read-8                         1                0
#
#
# $rtn-counts rtn[39,__mprotect] at 0x7f817cf70ee0
#
#     opcode       count-unpredicated    count-predicated
#
 100 CMP                                 4                0
 305 JNB                                 4                0
 411 MOV                                 4                0
 466 NOP                                 4                0
 718 RET_NEAR                            4                0
 802 SYSCALL                             4                0
3000 *total                             24                0
3002 *stack-read                         4                0
3014 *mem-read-8                         4                0
#
#
# $rtn-counts rtn[42,__GI___sigsetjmp] at 0x7f817cf70f50
#
#     opcode       count-unpredicated    count-predicated
#
 374 LEA                                 2                0
 411 MOV                                22                0
 466 NOP                                 6                0
 718 RET_NEAR                            2                0
 719 ROL                                 6                0
1568 XOR                                10                0
3000 *total                             48                0
3002 *stack-read                         4                0
3004 *iprel-read                         6                0
3014 *mem-read-8                        10                0
3534 *mem-write-8                       18                0
#
#
# $rtn-counts rtn[45,memcmp] at 0x7f817cf71360
#
#     opcode       count-unpredicated    count-predicated
#
 317 JZ                                  1                0
 466 NOP                                 1                0
 718 RET_NEAR                            1                0
 809 TEST                                1                0
1568 XOR                                 1                0
3000 *total                              5                0
3002 *stack-read                         1                0
3014 *mem-read-8                         1                0
#
#
# $rtn-counts rtn[46,mempcpy] at 0x7f817cf71760
#
#     opcode       count-unpredicated    count-predicated
#
   8 ADD                                68                0
 303 JMP                                68                0
 411 MOV                                68                0
 466 NOP                                68                0
3000 *total                            272                0
#
#
# $rtn-counts rtn[47,memmove] at 0x7f817cf71770
#
#     opcode       count-unpredicated    count-predicated
#
   8 ADD                                 2                0
  23 AND                                 1                0
 100 CMP                               209                0
 297 JB                                 89                0
 298 JBE                                 6                0
 305 JNB                                80                0
 306 JNBE                               41                0
 317 JZ                                  1                0
 374 LEA                                 1                0
 411 MOV                               222                0
 413 MOVAPS                              4                0
 451 MOVUPS                            150                0
 452 MOVZX                               6                0
 466 NOP                                15                0
 718 RET_NEAR                           82                0
 795 SUB                                 5                0
3000 *total                            914                0
3002 *stack-read                        82                0
3007 *mem-read-1                         2                0
3008 *mem-read-2                         4                0
3010 *mem-read-4                        24                0
3014 *mem-read-8                       158                0
3022 *mem-read-16                       77                0
3527 *mem-write-1                        2                0
3528 *mem-write-2                        4                0
3530 *mem-write-4                       24                0
3534 *mem-write-8                       76                0
3542 *mem-write-16                      77                0
#
#
# $rtn-counts rtn[49,memset] at 0x7f817cf719a0
#
#     opcode       count-unpredicated    count-predicated
#
   8 ADD                                 4                0
  23 AND                                 2                0
 100 CMP                                40                0
 297 JB                                 34                0
 298 JBE                                 4                0
 306 JNBE                                2                0
 374 LEA                                 2                0
 411 MOV                                 2                0
 413 MOVAPS                            128                0
 415 MOVD                                2                0
 451 MOVUPS                             16                0
 466 NOP                                 4                0
 615 PSHUFD                              2                0
 647 PUNPCKLBW                           2                0
 650 PUNPCKLWD                           2                0
 718 RET_NEAR                            2                0
 795 SUB                                32                0
3000 *total                            280                0
3002 *stack-read                         2                0
3014 *mem-read-8                         2                0
3542 *mem-write-16                     144                0
#
#
# $rtn-counts rtn[52,strchr] at 0x7f817cf71d80
#
#     opcode       count-unpredicated    count-predicated
#
   8 ADD                                 1                0
  23 AND                                15                0
  55 BSF                                14                0
  95 CMOVNZ                             14                0
 100 CMP                                28                0
 308 JNLE                               14                0
 312 JNZ                                 3                0
 317 JZ                                 15                0
 374 LEA                                14                0
 411 MOV                                28                0
 415 MOVD                               14                0
 420 MOVDQA                             26                0
 421 MOVDQU                             23                0
 466 NOP                                16                0
 477 OR                                  9                0
 510 PCMPEQB                            52                0
 573 PMINUB                              7                0
 576 PMOVMSKB                           28                0
 604 POR                                24                0
 615 PSHUFD                             14                0
 647 PUNPCKLBW                          14                0
 650 PUNPCKLWD                          14                0
 657 PXOR                               19                0
 718 RET_NEAR                           14                0
 767 SHL                                12                0
 809 TEST                               18                0
3000 *total                            450                0
3002 *stack-read                        14                0
3007 *mem-read-1                        14                0
3014 *mem-read-8                        14                0
3022 *mem-read-16                       32                0
#
#
# $rtn-counts rtn[53,strcmp] at 0x7f817cf71fb0
#
#     opcode       count-unpredicated    count-predicated
#
   8 ADD                                39                0
  23 AND                               517                0
  55 BSF                               172                0
 100 CMP                               356                0
 303 JMP                                36                0
 306 JNBE                              353                0
 308 JNLE                               20                0
 312 JNZ                               200                0
 317 JZ                                 78                0
 374 LEA                               220                0
 411 MOV                               434                0
 420 MOVDQA                            155                0
 423 MOVHPD                            282                0
 426 MOVLPD                            282                0
 449 MOVSXD                             36                0
 452 MOVZX                             344                0
 466 NOP                               222                0
 510 PCMPEQB                           400                0
 576 PMOVMSKB                          200                0
 604 POR                                20                0
 623 PSLLDQ                             56                0
 629 PSRLDQ                             20                0
 632 PSUBB                             200                0
 657 PXOR                              197                0
 718 RET_NEAR                          172                0
 770 SHR                                78                0
 795 SUB                               425                0
 809 TEST                               39                0
1564 XCHG                               51                0
1568 XOR                                39                0
3000 *total                           5643                0
3002 *stack-read                       172                0
3007 *mem-read-1                       344                0
3010 *mem-read-4                        36                0
3014 *mem-read-8                       736                0
3022 *mem-read-16                      135                0
#
#
# $rtn-counts rtn[54,strlen] at 0x7f817cf73400
#
#     opcode       count-unpredicated    count-predicated
#
   8 ADD                                 5                0
  23 AND                                33                0
  55 BSF                                17                0
 100 CMP                                17                0
 306 JNBE                               17                0
 312 JNZ                                 4                0
 317 JZ                                 25                0
 411 MOV                                42                0
 420 MOVDQA                              4                0
 421 MOVDQU                             17                0
 466 NOP                                17                0
 477 OR                                 25                0
 510 PCMPEQB                            57                0
 573 PMINUB                             12                0
 576 PMOVMSKB                           57                0
 657 PXOR                               71                0
 718 RET_NEAR                           17                0
 732 SAR                                 8                0
 767 SHL                                33                0
 795 SUB                                 4                0
 809 TEST                               29                0
1568 XOR                                 8                0
3000 *total                            519                0
3002 *stack-read                        17                0
3014 *mem-read-8                        17                0
3022 *mem-read-16                       69                0
#
#
# $rtn-counts rtn[59,_dl_call_libc_early_init] at 0x7f817cf75260
#
#     opcode       count-unpredicated    count-predicated
#
   8 ADD                                 2                0
  67 CALL_NEAR                           1                0
 100 CMP                                 1                0
 303 JMP                                 1                0
 317 JZ                                  3                0
 374 LEA                                 2                0
 411 MOV                                 5                0
 452 MOVZX                               1                0
 466 NOP                                 1                0
 597 POP                                 2                0
 651 PUSH                                2                0
 795 SUB                                 1                0
 809 TEST                                2                0
3000 *total                             24                0
3002 *stack-read                         2                0
3003 *stack-write                        3                0
3008 *mem-read-2                         1                0
3014 *mem-read-8                         4                0
3534 *mem-write-8                        3                0
#
#
# $rtn-counts rtn[64,_dl_debug_state] at 0x7f817cf76390
#
#     opcode       count-unpredicated    count-predicated
#
 466 NOP                                 2                0
 718 RET_NEAR                            2                0
3000 *total                              4                0
3002 *stack-read                         2                0
3014 *mem-read-8                         2                0
#
#
# $rtn-counts rtn[65,_dl_debug_initialize] at 0x7f817cf763a0
#
#     opcode       count-unpredicated    count-predicated
#
 100 CMP                                 3                0
 312 JNZ                                 4                0
 317 JZ                                  5                0
 374 LEA                                 4                0
 411 MOV                                 8                0
 466 NOP                                 3                0
 718 RET_NEAR                            3                0
 809 TEST                                6                0
3000 *total                             36                0
3002 *stack-read                         3                0
3004 *iprel-read                         3                0
3014 *mem-read-8                        10                0
3530 *mem-write-4                        1                0
3534 *mem-write-8                        3                0
#
#
# $rtn-counts rtn[67,openaux] at 0x7f817cf764d0
#
#     opcode       count-unpredicated    count-predicated
#
  23 AND                                 2                0
  67 CALL_NEAR                           2                0
  99 CMOVZ                               2                0
 411 MOV                                16                0
 452 MOVZX                               4                0
 466 NOP                                 2                0
 597 POP                                 2                0
 651 PUSH                                2                0
 718 RET_NEAR                            2                0
 809 TEST                                2                0
3000 *total                             36                0
3002 *stack-read                         4                0
3003 *stack-write                        4                0
3007 *mem-read-1                         2                0
3010 *mem-read-4                         4                0
3014 *mem-read-8                        10                0
3534 *mem-write-8                        6                0
#
#
# $rtn-counts rtn[68,_dl_map_object_deps] at 0x7f817cf76510
#
#     opcode       count-unpredicated    count-predicated
#
   8 ADD                                60                0
  23 AND                                59                0
  67 CALL_NEAR                          11                0
  99 CMOVZ                               3                0
 100 CMP                               120                0
 303 JMP                                11                0
 305 JNB                                 1                0
 312 JNZ                                78                0
 317 JZ                                131                0
 374 LEA                                26                0
 411 MOV                               236                0
 452 MOVZX                               7                0
 466 NOP                                 4                0
 477 OR                                  8                0
 597 POP                                 6                0
 651 PUSH                                6                0
 718 RET_NEAR                            1                0
 752 SETNZ                               1                0
 767 SHL                                 4                0
 770 SHR                                 1                0
 795 SUB                                 5                0
 809 TEST                               93                0
1568 XOR                                 5                0
3000 *total                            877                0
3002 *stack-read                        61                0
3003 *stack-write                       61                0
3004 *iprel-read                         5                0
3005 *iprel-write                        4                0
3007 *mem-read-1                        11                0
3008 *mem-read-2                         2                0
3010 *mem-read-4                        19                0
3014 *mem-read-8                       145                0
3527 *mem-write-1                        8                0
3530 *mem-write-4                       21                0
3534 *mem-write-8                       68                0
#
#
# $rtn-counts rtn[75,_dl_fini] at 0x7f817cf77cd0
#
#     opcode       count-unpredicated    count-predicated
#
   8 ADD                                14                0
  23 AND                                 5                0
  67 CALL_NEAR                          10                0
 100 CMP                                17                0
 298 JBE                                 4                0
 303 JMP                                 3                0
 312 JNZ                                23                0
 316 JS                                  1                0
 317 JZ                                 15                0
 374 LEA                                13                0
 411 MOV                                62                0
 452 MOVZX                               7                0
 466 NOP                                 2                0
 477 OR                                  1                0
 597 POP                                 6                0
 651 PUSH                                6                0
 718 RET_NEAR                            1                0
 757 SETZ                                2                0
 767 SHL                                 1                0
 770 SHR                                 3                0
 795 SUB                                10                0
 809 TEST                               26                0
1568 XOR                                 2                0
3000 *total                            234                0
3002 *stack-read                        17                0
3003 *stack-write                       22                0
3004 *iprel-read                         6                0
3005 *iprel-write                        2                0
3007 *mem-read-1                         7                0
3010 *mem-read-4                        13                0
3014 *mem-read-8                        44                0
3527 *mem-write-1                        3                0
3530 *mem-write-4                       14                0
3534 *mem-write-8                       24                0
#
#
# $rtn-counts rtn[76,call_init.part.0] at 0x7f817cf78080
#
#     opcode       count-unpredicated    count-predicated
#
   8 ADD                                 3                0
  67 CALL_NEAR                           2                0
 100 CMP                                 1                0
 312 JNZ                                 3                0
 317 JZ                                  8                0
 374 LEA                                 2                0
 411 MOV                                28                0
 452 MOVZX                               6                0
 466 NOP                                 1                0
 477 OR                                  3                0
 597 POP                                10                0
 651 PUSH                               10                0
 718 RET_NEAR                            3                0
 770 SHR                                 1                0
 809 TEST                               10                0
3000 *total                             91                0
3002 *stack-read                        13                0
3003 *stack-write                       12                0
3004 *iprel-read                         1                0
3007 *mem-read-1                         7                0
3014 *mem-read-8                        27                0
3527 *mem-write-1                        3                0
3534 *mem-write-8                       12                0
#
#
# $rtn-counts rtn[77,_dl_init] at 0x7f817cf781a0
#
#     opcode       count-unpredicated    count-predicated
#
   8 ADD                                 1                0
  67 CALL_NEAR                           3                0
 100 CMP                                 4                0
 312 JNZ                                 7                0
 317 JZ                                  2                0
 374 LEA                                 1                0
 411 MOV                                27                0
 466 NOP                                 1                0
 597 POP                                 6                0
 651 PUSH                                6                0
 718 RET_NEAR                            1                0
 795 SUB                                 5                0
 809 TEST                                5                0
3000 *total                             69                0
3002 *stack-read                         7                0
3003 *stack-write                        9                0
3004 *iprel-read                         1                0
3007 *mem-read-1                         3                0
3010 *mem-read-4                         1                0
3014 *mem-read-8                        16                0
3530 *mem-write-4                        1                0
3534 *mem-write-8                        9                0
#
#
# $rtn-counts rtn[80,_dl_process_pt_note] at 0x7f817cf78550
#
#     opcode       count-unpredicated    count-predicated
#
   8 ADD                                 2                0
  23 AND                                 9                0
  67 CALL_NEAR                           2                0
 100 CMP                                17                0
 297 JB                                  1                0
 298 JBE                                 3                0
 303 JMP                                 6                0
 305 JNB                                 1                0
 306 JNBE                                3                0
 312 JNZ                                12                0
 317 JZ                                  5                0
 374 LEA                                12                0
 411 MOV                                35                0
 452 MOVZX                               1                0
 477 OR                                  4                0
 597 POP                                12                0
 651 PUSH                               12                0
 718 RET_NEAR                            2                0
 795 SUB                                 5                0
 809 TEST                                6                0
1568 XOR                                 5                0
3000 *total                            155                0
3002 *stack-read                        17                0
3003 *stack-write                       18                0
3007 *mem-read-1                         5                0
3010 *mem-read-4                         9                0
3014 *mem-read-8                        23                0
3527 *mem-write-1                        3                0
3530 *mem-write-4                        3                0
3534 *mem-write-8                       15                0
#
#
# $rtn-counts rtn[83,open_verify.constprop.9] at 0x7f817cf78980
#
#     opcode       count-unpredicated    count-predicated
#
   8 ADD                                13                0
  23 AND                                 2                0
  67 CALL_NEAR                          30                0
 100 CMP                                57                0
 298 JBE                                 5                0
 302 JLE                                 2                0
 303 JMP                                 4                0
 305 JNB                                 6                0
 306 JNBE                                3                0
 312 JNZ                                45                0
 317 JZ                                 31                0
 374 LEA                                50                0
 411 MOV                               341                0
 452 MOVZX                               8                0
 464 NEG                                 1                0
 466 NOP                                 1                0
 477 OR                                  2                0
 597 POP                               168                0
 651 PUSH                              168                0
 718 RET_NEAR                           28                0
 767 SHL                                 3                0
 795 SUB                                37                0
 809 TEST                               33                0
1568 XOR                                35                0
3000 *total                           1073                0
3002 *stack-read                       199                0
3003 *stack-write                      228                0
3004 *iprel-read                        37                0
3005 *iprel-write                        2                0
3007 *mem-read-1                         6                0
3008 *mem-read-2                         6                0
3010 *mem-read-4                        41                0
3014 *mem-read-8                       217                0
3530 *mem-write-4                       29                0
3534 *mem-write-8                      202                0
#
#
# $rtn-counts rtn[84,open_path] at 0x7f817cf79050
#
#     opcode       count-unpredicated    count-predicated
#
   8 ADD                                78                0
  23 AND                                12                0
  67 CALL_NEAR                         102                0
  99 CMOVZ                               2                0
 100 CMP                               140                0
 303 JMP                                46                0
 305 JNB                                30                0
 312 JNZ                                92                0
 316 JS                                 18                0
 317 JZ                                 71                0
 374 LEA                                61                0
 411 MOV                               694                0
 452 MOVZX                               9                0
 466 NOP                                 4                0
 475 NOT                                18                0
 477 OR                                 13                0
 597 POP                                 6                0
 651 PUSH                                6                0
 718 RET_NEAR                            1                0
 752 SETNZ                               9                0
 757 SETZ                                2                0
 767 SHL                                27                0
 795 SUB                                30                0
 809 TEST                               80                0
1568 XOR                                35                0
3000 *total                           1586                0
3002 *stack-read                       303                0
3003 *stack-write                      163                0
3004 *iprel-read                        62                0
3007 *mem-read-1                        45                0
3010 *mem-read-4                        96                0
3014 *mem-read-8                       427                0
3527 *mem-write-1                       18                0
3530 *mem-write-4                       29                0
3534 *mem-write-8                      152                0
#
#
# $rtn-counts rtn[85,_dl_map_object_from_fd] at 0x7f817cf79700
#
#     opcode       count-unpredicated    count-predicated
#
   8 ADD                                67                0
  23 AND                                22                0
  67 CALL_NEAR                          15                0
  85 CMOVBE                              1                0
  95 CMOVNZ                              1                0
 100 CMP                               129                0
 103 CMPSB                              10                0
 298 JBE                                51                0
 303 JMP                                11                0
 305 JNB                                16                0
 306 JNBE                                6                0
 312 JNZ                                34                0
 316 JS                                  3                0
 317 JZ                                112                0
 374 LEA                                64                0
 411 MOV                               329                0
 452 MOVZX                              19                0
 464 NEG                                 4                0
 475 NOT                                 1                0
 477 OR                                  2                0
 597 POP                                 6                0
 651 PUSH                                6                0
 718 RET_NEAR                            1                0
 732 SAR                                 3                0
 735 SBB                                 1                0
 746 SETNBE                              1                0
 767 SHL                                13                0
 770 SHR                                 2                0
 795 SUB                                45                0
 809 TEST                               79                0
1568 XOR                                 5                0
3000 *total                           1059                0
3002 *stack-read                        68                0
3003 *stack-write                       50                0
3004 *iprel-read                         9                0
3007 *mem-read-1                        27                0
3008 *mem-read-2                        16                0
3010 *mem-read-4                        32                0
3014 *mem-read-8                       175                0
3527 *mem-write-1                        3                0
3528 *mem-write-2                        3                0
3530 *mem-write-4                       10                0
3534 *mem-write-8                      108                0
#
#
# $rtn-counts rtn[87,_dl_dst_count] at 0x7f817cf7aac0
#
#     opcode       count-unpredicated    count-predicated
#
  67 CALL_NEAR                           4                0
 312 JNZ                                 4                0
 411 MOV                                 8                0
 466 NOP                                 4                0
 597 POP                                20                0
 651 PUSH                               20                0
 718 RET_NEAR                            4                0
 809 TEST                                4                0
1568 XOR                                 4                0
3000 *total                             72                0
3002 *stack-read                        24                0
3003 *stack-write                       24                0
3014 *mem-read-8                        24                0
3534 *mem-write-8                       24                0
#
#
# $rtn-counts rtn[89,expand_dynamic_string_token] at 0x7f817cf7ace0
#
#     opcode       count-unpredicated    count-predicated
#
   8 ADD                                 2                0
  67 CALL_NEAR                           2                0
 303 JMP                                 2                0
 312 JNZ                                 2                0
 411 MOV                                 8                0
 597 POP                                 8                0
 651 PUSH                                8                0
 795 SUB                                 2                0
 809 TEST                                2                0
3000 *total                             36                0
3002 *stack-read                         8                0
3003 *stack-write                       10                0
3014 *mem-read-8                         8                0
3534 *mem-write-8                       10                0
#
#
# $rtn-counts rtn[90,fillin_rpath] at 0x7f817cf7ae00
#
#     opcode       count-unpredicated    count-predicated
#
   8 ADD                                37                0
  67 CALL_NEAR                          20                0
 100 CMP                                57                0
 303 JMP                                14                0
 305 JNB                                 3                0
 312 JNZ                                46                0
 317 JZ                                 40                0
 374 LEA                                11                0
 411 MOV                               146                0
 466 NOP                                 4                0
 597 POP                                 6                0
 651 PUSH                                6                0
 718 RET_NEAR                            1                0
 752 SETNZ                               3                0
 795 SUB                                 1                0
 809 TEST                               35                0
1568 XOR                                14                0
3000 *total                            444                0
3002 *stack-read                        32                0
3003 *stack-write                       39                0
3004 *iprel-read                        26                0
3005 *iprel-write                       12                0
3007 *mem-read-1                         9                0
3014 *mem-read-8                        82                0
3527 *mem-write-1                        5                0
3530 *mem-write-4                       27                0
3534 *mem-write-8                       59                0
#
#
# $rtn-counts rtn[93,_dl_init_paths] at 0x7f817cf7b310
#
#     opcode       count-unpredicated    count-predicated
#
   8 ADD                               158                0
  23 AND                                 5                0
  67 CALL_NEAR                           7                0
  99 CMOVZ                               1                0
 100 CMP                               160                0
 303 JMP                                 2                0
 306 JNBE                              138                0
 312 JNZ                               158                0
 317 JZ                                 11                0
 374 LEA                               156                0
 411 MOV                                78                0
 452 MOVZX                             140                0
 456 MUL                                 1                0
 466 NOP                                 4                0
 477 OR                                  1                0
 597 POP                                 5                0
 651 PUSH                                5                0
 718 RET_NEAR                            1                0
 767 SHL                                 1                0
 770 SHR                                 1                0
 795 SUB                               140                0
 809 TEST                              147                0
1568 XOR                                 3                0
3000 *total                           1323                0
3002 *stack-read                         7                0
3003 *stack-write                       13                0
3004 *iprel-read                         8                0
3005 *iprel-write                       10                0
3007 *mem-read-1                       141                0
3014 *mem-read-8                        19                0
3530 *mem-write-4                       20                0
3534 *mem-write-8                       34                0
#
#
# $rtn-counts rtn[94,_dl_map_object] at 0x7f817cf7b710
#
#     opcode       count-unpredicated    count-predicated
#
   8 ADD                                 7                0
  23 AND                                 3                0
  67 CALL_NEAR                          13                0
  95 CMOVNZ                              1                0
 100 CMP                                12                0
 298 JBE                                 2                0
 303 JMP                                 6                0
 312 JNZ                                25                0
 316 JS                                  2                0
 317 JZ                                 27                0
 374 LEA                                20                0
 411 MOV                               103                0
 452 MOVZX                              12                0
 466 NOP                                 2                0
 477 OR                                  5                0
 597 POP                                12                0
 651 PUSH                               19                0
 718 RET_NEAR                            2                0
 752 SETNZ                               1                0
 770 SHR                                10                0
 795 SUB                                 3                0
 809 TEST                               46                0
1568 XOR                                 2                0
3000 *total                            335                0
3002 *stack-read                        26                0
3003 *stack-write                       54                0
3004 *iprel-read                        10                0
3007 *mem-read-1                        21                0
3010 *mem-read-4                         4                0
3014 *mem-read-8                        48                0
3527 *mem-write-1                        3                0
3530 *mem-write-4                        5                0
3534 *mem-write-8                       46                0
#
#
# $rtn-counts rtn[96,check_match] at 0x7f817cf7c360
#
#     opcode       count-unpredicated    count-predicated
#
   8 ADD                               134                0
  23 AND                               204                0
  58 BT                                102                0
  67 CALL_NEAR                         134                0
 100 CMP                               306                0
 305 JNB                               102                0
 312 JNZ                               134                0
 317 JZ                                612                0
 374 LEA                               204                0
 411 MOV                              1562                0
 452 MOVZX                             408                0
 597 POP                               408                0
 651 PUSH                              408                0
 718 RET_NEAR                          102                0
 757 SETZ                              102                0
 795 SUB                               102                0
 809 TEST                              542                0
3000 *total                           5566                0
3002 *stack-read                       950                0
3003 *stack-write                      542                0
3007 *mem-read-1                       102                0
3008 *mem-read-2                       204                0
3010 *mem-read-4                       338                0
3014 *mem-read-8                      1154                0
3534 *mem-write-8                      542                0
#
#
# $rtn-counts rtn[97,do_lookup_x] at 0x7f817cf7c500
#
#     opcode       count-unpredicated    count-predicated
#
   8 ADD                               430                0
  23 AND                               871                0
  67 CALL_NEAR                         102                0
 100 CMP                               827                0
 148 DIV                               103                0
 298 JBE                               222                0
 303 JMP                               311                0
 312 JNZ                               722                0
 317 JZ                               1741                0
 374 LEA                               513                0
 411 MOV                              9753                0
 452 MOVZX                             204                0
 597 POP                               630                0
 651 PUSH                             1140                0
 718 RET_NEAR                          105                0
 732 SAR                               102                0
 770 SHR                              1078                0
 795 SUB                               411                0
 809 TEST                             1328                0
1568 XOR                               311                0
3000 *total                          20904                0
3002 *stack-read                      2839                0
3003 *stack-write                     3291                0
3004 *iprel-read                       235                0
3007 *mem-read-1                       648                0
3010 *mem-read-4                      1522                0
3014 *mem-read-8                      4496                0
3530 *mem-write-4                      444                0
3534 *mem-write-8                     3051                0
#
#
# $rtn-counts rtn[98,_dl_lookup_symbol_x] at 0x7f817cf7d000
#
#     opcode       count-unpredicated    count-predicated
#
   8 ADD                              4560                0
  23 AND                               200                0
  67 CALL_NEAR                         105                0
 100 CMP                               413                0
 303 JMP                               109                0
 312 JNZ                              1723                0
 317 JZ                                938                0
 374 LEA                               210                0
 411 MOV                              4976                0
 452 MOVZX                            1722                0
 466 NOP                               210                0
 597 POP                               630                0
 651 PUSH                             1260                0
 718 RET_NEAR                          105                0
 767 SHL                              1414                0
 770 SHR                                 3                0
 795 SUB                               105                0
 809 TEST                             2248                0
1568 XOR                               108                0
3000 *total                          21039                0
3002 *stack-read                      2301                0
3003 *stack-write                     2310                0
3004 *iprel-read                       207                0
3005 *iprel-write                      105                0
3007 *mem-read-1                      1824                0
3010 *mem-read-4                       414                0
3014 *mem-read-8                      2202                0
3530 *mem-write-4                      106                0
3534 *mem-write-8                     2310                0
#
#
# $rtn-counts rtn[99,_dl_setup_hash] at 0x7f817cf7df10
#
#     opcode       count-unpredicated    count-predicated
#
   8 ADD                                 4                0
 312 JNZ                                 4                0
 317 JZ                                  4                0
 374 LEA                                16                0
 411 MOV                                48                0
 466 NOP                                 4                0
 718 RET_NEAR                            4                0
 795 SUB                                 4                0
 809 TEST                                8                0
3000 *total                             96                0
3002 *stack-read                         4                0
3010 *mem-read-4                        16                0
3014 *mem-read-8                        12                0
3530 *mem-write-4                       12                0
3534 *mem-write-8                       12                0
#
#
# $rtn-counts rtn[100,check_match] at 0x7f817cf7dfd0
#
#     opcode       count-unpredicated    count-predicated
#
   8 ADD                                 1                0
  23 AND                                 2                0
  58 BT                                  1                0
  67 CALL_NEAR                           2                0
  95 CMOVNZ                              1                0
 100 CMP                                 2                0
 305 JNB                                 1                0
 312 JNZ                                 2                0
 317 JZ                                  1                0
 374 LEA                                 4                0
 411 MOV                                16                0
 452 MOVZX                               2                0
 597 POP                                 5                0
 651 PUSH                                5                0
 718 RET_NEAR                            1                0
 809 TEST                                2                0
3000 *total                             48                0
3002 *stack-read                         6                0
3003 *stack-write                        7                0
3007 *mem-read-1                         1                0
3008 *mem-read-2                         1                0
3010 *mem-read-4                         2                0
3014 *mem-read-8                        14                0
3534 *mem-write-8                        7                0
#
#
# $rtn-counts rtn[101,_dl_lookup_direct] at 0x7f817cf7e090
#
#     opcode       count-unpredicated    count-predicated
#
   8 ADD                                 1                0
  67 CALL_NEAR                           1                0
 148 DIV                                 1                0
 312 JNZ                                 2                0
 317 JZ                                  2                0
 374 LEA                                 1                0
 411 MOV                                21                0
 466 NOP                                 2                0
 597 POP                                 6                0
 651 PUSH                                6                0
 718 RET_NEAR                            1                0
 732 SAR                                 1                0
 770 SHR                                 1                0
 795 SUB                                 2                0
 809 TEST                                3                0
1568 XOR                                 3                0
3000 *total                             54                0
3002 *stack-read                         9                0
3003 *stack-write                        9                0
3010 *mem-read-4                         3                0
3014 *mem-read-8                        12                0
3534 *mem-write-8                        9                0
#
#
# $rtn-counts rtn[103,_dl_sysdep_read_whole_file] at 0x7f817cf7e9f0
#
#     opcode       count-unpredicated    count-predicated
#
   8 ADD                                 1                0
  67 CALL_NEAR                           4                0
 303 JMP                                 2                0
 311 JNS                                 1                0
 312 JNZ                                 1                0
 316 JS                                  1                0
 411 MOV                                16                0
 466 NOP                                 1                0
 597 POP                                 4                0
 651 PUSH                                4                0
 718 RET_NEAR                            1                0
 795 SUB                                 1                0
 809 TEST                                3                0
1568 XOR                                 3                0
3000 *total                             43                0
3002 *stack-read                         6                0
3003 *stack-write                        8                0
3014 *mem-read-8                         6                0
3534 *mem-write-8                        9                0
#
#
# $rtn-counts rtn[110,_dl_name_match_p] at 0x7f817cf7eea0
#
#     opcode       count-unpredicated    count-predicated
#
   8 ADD                                12                0
  67 CALL_NEAR                          27                0
 312 JNZ                                27                0
 317 JZ                                 24                0
 411 MOV                               117                0
 466 NOP                                12                0
 597 POP                                24                0
 651 PUSH                               24                0
 718 RET_NEAR                           12                0
 795 SUB                                12                0
 809 TEST                               51                0
1568 XOR                                 9                0
3000 *total                            351                0
3002 *stack-read                        36                0
3003 *stack-write                       51                0
3014 *mem-read-8                        87                0
3534 *mem-write-8                       51                0
#
#
# $rtn-counts rtn[113,_dl_add_to_namespace_list] at 0x7f817cf7f0f0
#
#     opcode       count-unpredicated    count-predicated
#
   8 ADD                                 6                0
  67 CALL_NEAR                           3                0
 303 JMP                                 5                0
 312 JNZ                                 7                0
 374 LEA                                24                0
 411 MOV                                29                0
 466 NOP                                 3                0
 597 POP                                 9                0
 651 PUSH                                9                0
 809 TEST                                7                0
3000 *total                            102                0
3002 *stack-read                        12                0
3003 *stack-write                       15                0
3004 *iprel-read                         9                0
3005 *iprel-write                        6                0
3010 *mem-read-4                         3                0
3014 *mem-read-8                        25                0
3530 *mem-write-4                        3                0
3534 *mem-write-8                       23                0
#
#
# $rtn-counts rtn[114,_dl_new_object] at 0x7f817cf7f190
#
#     opcode       count-unpredicated    count-predicated
#
   8 ADD                                37                0
  23 AND                                 6                0
  67 CALL_NEAR                          11                0
  99 CMOVZ                               1                0
 100 CMP                                50                0
 303 JMP                                10                0
 312 JNZ                                59                0
 317 JZ                                 20                0
 374 LEA                                53                0
 411 MOV                               175                0
 452 MOVZX                               9                0
 466 NOP                                 5                0
 477 OR                                  3                0
 597 POP                                18                0
 651 PUSH                               18                0
 718 RET_NEAR                            3                0
 767 SHL                                 3                0
 795 SUB                                 3                0
 809 TEST                               30                0
1568 XOR                                 3                0
3000 *total                            517                0
3002 *stack-read                        48                0
3003 *stack-write                       81                0
3004 *iprel-read                         8                0
3005 *iprel-write                        4                0
3007 *mem-read-1                        27                0
3010 *mem-read-4                         3                0
3014 *mem-read-8                        47                0
3527 *mem-write-1                        4                0
3530 *mem-write-4                       12                0
3534 *mem-write-8                      109                0
#
#
# $rtn-counts rtn[121,_dl_find_dso_for_object] at 0x7f817cf7fa00
#
#     opcode       count-unpredicated    count-predicated
#
   8 ADD                                 1                0
 100 CMP                                 7                0
 298 JBE                                 2                0
 306 JNBE                                3                0
 312 JNZ                                 4                0
 317 JZ                                  2                0
 374 LEA                                 1                0
 411 MOV                                 5                0
 466 NOP                                 2                0
 597 POP                                 4                0
 651 PUSH                                4                0
 718 RET_NEAR                            1                0
 795 SUB                                 1                0
 809 TEST                                4                0
1568 XOR                                 1                0
3000 *total                             42                0
3002 *stack-read                         5                0
3003 *stack-write                        4                0
3004 *iprel-read                         1                0
3007 *mem-read-1                         1                0
3014 *mem-read-8                        15                0
3534 *mem-write-8                        4                0
#
#
# $rtn-counts rtn[131,_dl_protect_relro] at 0x7f817cf81620
#
#     opcode       count-unpredicated    count-predicated
#
   8 ADD                                 6                0
  23 AND                                 6                0
  67 CALL_NEAR                           3                0
 100 CMP                                 3                0
 312 JNZ                                 3                0
 316 JS                                  3                0
 411 MOV                                21                0
 464 NEG                                 3                0
 466 NOP                                 3                0
 597 POP                                 3                0
 651 PUSH                                3                0
 718 RET_NEAR                            3                0
 795 SUB                                 3                0
 809 TEST                                3                0
3000 *total                             66                0
3002 *stack-read                         6                0
3003 *stack-write                        6                0
3004 *iprel-read                         3                0
3014 *mem-read-8                        18                0
3534 *mem-write-8                        6                0
#
#
# $rtn-counts rtn[133,_dl_relocate_object] at 0x7f817cf81760
#
#     opcode       count-unpredicated    count-predicated
#
   8 ADD                              4529                0
  23 AND                               410                0
  67 CALL_NEAR                         134                0
  95 CMOVNZ                             90                0
  99 CMOVZ                             131                0
 100 CMP                              5571                0
 298 JBE                               171                0
 303 JMP                               185                0
 305 JNB                                 4                0
 306 JNBE                             1489                0
 312 JNZ                              1694                0
 317 JZ                               2516                0
 374 LEA                              1017                0
 411 MOV                              9081                0
 413 MOVAPS                             12                0
 449 MOVSXD                            110                0
 452 MOVZX                             747                0
 466 NOP                                 8                0
 477 OR                                166                0
 597 POP                               204                0
 651 PUSH                              204                0
 657 PXOR                                3                0
 718 RET_NEAR                            4                0
 742 SETBE                              73                0
 757 SETZ                               73                0
 770 SHR                               349                0
 795 SUB                               115                0
 809 TEST                              516                0
1568 XOR                               193                0
3000 *total                          29799                0
3002 *stack-read                      1476                0
3003 *stack-write                     1050                0
3004 *iprel-read                        30                0
3005 *iprel-write                        3                0
3007 *mem-read-1                       344                0
3008 *mem-read-2                       340                0
3010 *mem-read-4                      1652                0
3014 *mem-read-8                      5191                0
3527 *mem-write-1                        6                0
3530 *mem-write-4                       98                0
3534 *mem-write-8                     2674                0
3542 *mem-write-16                      12                0
#
#
# $rtn-counts rtn[134,_dl_fixup] at 0x7f817cf83760
#
#     opcode       count-unpredicated    count-predicated
#
   8 ADD                                28                0
  23 AND                                14                0
  67 CALL_NEAR                           7                0
  99 CMOVZ                               7                0
 100 CMP                                21                0
 303 JMP                                 7                0
 312 JNZ                                35                0
 317 JZ                                 42                0
 374 LEA                                42                0
 411 MOV                               238                0
 452 MOVZX                              14                0
 466 NOP                                 7                0
 597 POP                                42                0
 651 PUSH                               42                0
 718 RET_NEAR                            7                0
 770 SHR                                 7                0
 795 SUB                                 7                0
 809 TEST                               63                0
3000 *total                            630                0
3002 *stack-read                        63                0
3003 *stack-write                       63                0
3004 *iprel-read                         7                0
3007 *mem-read-1                        14                0
3008 *mem-read-2                        14                0
3010 *mem-read-4                        35                0
3014 *mem-read-8                       175                0
3534 *mem-write-8                       70                0
#
#
# $rtn-counts rtn[137,dfs_traversal] at 0x7f817cf83df0
#
#     opcode       count-unpredicated    count-predicated
#
   8 ADD                                14                0
 312 JNZ                                21                0
 317 JZ                                 21                0
 374 LEA                                 7                0
 411 MOV                                73                0
 452 MOVZX                               7                0
 477 OR                                  7                0
 597 POP                                28                0
 651 PUSH                               28                0
 718 RET_NEAR                            7                0
 795 SUB                                 7                0
 809 TEST                               42                0
3000 *total                            262                0
3002 *stack-read                        35                0
3003 *stack-write                       28                0
3007 *mem-read-1                         7                0
3008 *mem-read-2                         7                0
3014 *mem-read-8                        63                0
3527 *mem-write-1                        7                0
3534 *mem-write-8                       42                0
#
#
# $rtn-counts rtn[138,_dl_sort_maps_init] at 0x7f817cf83ee0
#
#     opcode       count-unpredicated    count-predicated
#
   8 ADD                                 1                0
  67 CALL_NEAR                           1                0
 100 CMP                                 1                0
 374 LEA                                 1                0
 411 MOV                                 2                0
 466 NOP                                 1                0
 718 RET_NEAR                            1                0
 752 SETNZ                               1                0
 795 SUB                                 1                0
1568 XOR                                 2                0
3000 *total                             12                0
3002 *stack-read                         2                0
3003 *stack-write                        1                0
3005 *iprel-write                        1                0
3010 *mem-read-4                         1                0
3014 *mem-read-8                         1                0
3530 *mem-write-4                        1                0
3534 *mem-write-8                        1                0
#
#
# $rtn-counts rtn[139,_dl_sort_maps] at 0x7f817cf83f10
#
#     opcode       count-unpredicated    count-predicated
#
   8 ADD                                 2                0
  23 AND                                11                0
  67 CALL_NEAR                           9                0
  99 CMOVZ                               2                0
 100 CMP                                13                0
 303 JMP                                 4                0
 311 JNS                                 7                0
 312 JNZ                                11                0
 316 JS                                  7                0
 317 JZ                                  8                0
 374 LEA                                10                0
 411 MOV                                86                0
 449 MOVSXD                              2                0
 466 NOP                                 6                0
 477 OR                                  2                0
 597 POP                                12                0
 651 PUSH                               12                0
 718 RET_NEAR                            2                0
 767 SHL                                 2                0
 770 SHR                                 2                0
 795 SUB                                20                0
 809 TEST                               18                0
3000 *total                            248                0
3002 *stack-read                        35                0
3003 *stack-write                       35                0
3004 *iprel-read                         2                0
3007 *mem-read-1                         9                0
3010 *mem-read-4                         2                0
3014 *mem-read-8                        51                0
3527 *mem-write-1                       11                0
3534 *mem-write-8                       31                0
#
#
# $rtn-counts rtn[140,allocate_dtv] at 0x7f817cf84490
#
#     opcode       count-unpredicated    count-predicated
#
   8 ADD                                 3                0
  67 CALL_NEAR                           1                0
 317 JZ                                  1                0
 374 LEA                                 1                0
 411 MOV                                 6                0
 597 POP                                 2                0
 651 PUSH                                2                0
 718 RET_NEAR                            1                0
 795 SUB                                 1                0
 809 TEST                                1                0
3000 *total                             19                0
3002 *stack-read                         3                0
3003 *stack-write                        3                0
3004 *iprel-read                         2                0
3005 *iprel-write                        1                0
3014 *mem-read-8                         5                0
3534 *mem-write-8                        5                0
#
#
# $rtn-counts rtn[143,_dl_tls_static_surplus_init] at 0x7f817cf847e0
#
#     opcode       count-unpredicated    count-predicated
#
   8 ADD                                 2                0
  67 CALL_NEAR                           2                0
  70 CDQE                                1                0
  89 CMOVNBE                             1                0
 100 CMP                                 2                0
 297 JB                                  1                0
 374 LEA                                 4                0
 411 MOV                                 9                0
 466 NOP                                 1                0
 597 POP                                 3                0
 651 PUSH                                3                0
 718 RET_NEAR                            1                0
 767 SHL                                 1                0
 795 SUB                                 2                0
1568 XOR                                 3                0
3000 *total                             36                0
3002 *stack-read                         6                0
3003 *stack-write                        5                0
3005 *iprel-write                        2                0
3014 *mem-read-8                         6                0
3534 *mem-write-8                        7                0
#
#
# $rtn-counts rtn[144,_dl_assign_tls_modid] at 0x7f817cf84870
#
#     opcode       count-unpredicated    count-predicated
#
   8 ADD                                 1                0
 100 CMP                                 1                0
 312 JNZ                                 1                0
 374 LEA                                 1                0
 411 MOV                                 3                0
 466 NOP                                 1                0
 718 RET_NEAR                            1                0
 795 SUB                                 1                0
3000 *total                             10                0
3002 *stack-read                         1                0
3004 *iprel-read                         2                0
3005 *iprel-write                        1                0
3007 *mem-read-1                         1                0
3014 *mem-read-8                         2                0
3534 *mem-write-8                        2                0
#
#
# $rtn-counts rtn[145,_dl_count_modids] at 0x7f817cf84990
#
#     opcode       count-unpredicated    count-predicated
#
 100 CMP                                 1                0
 312 JNZ                                 1                0
 411 MOV                                 1                0
 466 NOP                                 1                0
 718 RET_NEAR                            1                0
3000 *total                              5                0
3002 *stack-read                         1                0
3004 *iprel-read                         2                0
3007 *mem-read-1                         1                0
3014 *mem-read-8                         2                0
#
#
# $rtn-counts rtn[146,_dl_determine_tlsoffset] at 0x7f817cf84a00
#
#     opcode       count-unpredicated    count-predicated
#
   8 ADD                                 8                0
  23 AND                                 1                0
  84 CMOVB                               1                0
 100 CMP                                 5                0
 148 DIV                                 2                0
 273 IMUL                                2                0
 297 JB                                  1                0
 303 JMP                                 1                0
 305 JNB                                 1                0
 312 JNZ                                 1                0
 317 JZ                                  4                0
 374 LEA                                 3                0
 411 MOV                                15                0
 464 NEG                                 1                0
 466 NOP                                 1                0
 597 POP                                 4                0
 651 PUSH                                4                0
 718 RET_NEAR                            1                0
 767 SHL                                 1                0
 795 SUB                                 3                0
 809 TEST                                3                0
1568 XOR                                 6                0
3000 *total                             69                0
3002 *stack-read                         5                0
3003 *stack-write                        4                0
3004 *iprel-read                         2                0
3005 *iprel-write                        3                0
3014 *mem-read-8                        14                0
3534 *mem-write-8                        8                0
#
#
# $rtn-counts rtn[148,_dl_allocate_tls_storage] at 0x7f817cf84bd0
#
#     opcode       count-unpredicated    count-predicated
#
   8 ADD                                 2                0
  15 ADD_LOCK                            1                0
  23 AND                                 1                0
  67 CALL_NEAR                           2                0
 148 DIV                                 1                0
 273 IMUL                                1                0
 317 JZ                                  2                0
 374 LEA                                 4                0
 411 MOV                                 8                0
 466 NOP                                 1                0
 597 POP                                 3                0
 651 PUSH                                3                0
 718 RET_NEAR                            1                0
 770 SHR                                 1                0
 792 STOSQ                             287                0
 795 SUB                                 2                0
 800 SUB_LOCK                            1                0
 809 TEST                                2                0
1568 XOR                                 2                0
3000 *total                            325                0
3001 *mem-atomic                         2                0
3002 *stack-read                         4                0
3003 *stack-write                        5                0
3004 *iprel-read                         5                0
3005 *iprel-write                        3                0
3010 *mem-read-4                         2                0
3014 *mem-read-8                         7                0
3530 *mem-write-4                        2                0
3534 *mem-write-8                      295                0
#
#
# $rtn-counts rtn[149,_dl_allocate_tls_init] at 0x7f817cf84ca0
#
#     opcode       count-unpredicated    count-predicated
#
   8 ADD                                 3                0
  23 AND                                 1                0
  67 CALL_NEAR                           4                0
  84 CMOVB                               1                0
 100 CMP                                13                0
 297 JB                                  3                0
 298 JBE                                 1                0
 305 JNB                                 2                0
 306 JNBE                                3                0
 312 JNZ                                 2                0
 317 JZ                                  3                0
 374 LEA                                 5                0
 411 MOV                                29                0
 466 NOP                                 2                0
 597 POP                                 6                0
 651 PUSH                                6                0
 718 RET_NEAR                            1                0
 757 SETZ                                1                0
 767 SHL                                 2                0
 795 SUB                                 3                0
 809 TEST                                3                0
1568 XOR                                 4                0
3000 *total                             98                0
3002 *stack-read                        13                0
3003 *stack-write                       14                0
3004 *iprel-read                         6                0
3005 *iprel-write                        2                0
3007 *mem-read-1                         2                0
3014 *mem-read-8                        30                0
3527 *mem-write-1                        2                0
3534 *mem-write-8                       17                0
#
#
# $rtn-counts rtn[156,_dl_tls_initial_modid_limit_setup] at 0x7f817cf85360
#
#     opcode       count-unpredicated    count-predicated
#
   8 ADD                                 1                0
 100 CMP                                 1                0
 312 JNZ                                 1                0
 317 JZ                                  4                0
 411 MOV                                 7                0
 466 NOP                                 1                0
 718 RET_NEAR                            1                0
 767 SHL                                 1                0
 809 TEST                                4                0
3000 *total                             21                0
3002 *stack-read                         1                0
3004 *iprel-read                         1                0
3005 *iprel-write                        1                0
3007 *mem-read-1                         1                0
3014 *mem-read-8                         5                0
3534 *mem-write-8                        1                0
#
#
# $rtn-counts rtn[157,_dl_add_to_slotinfo] at 0x7f817cf853c0
#
#     opcode       count-unpredicated    count-predicated
#
   8 ADD                                 3                0
 100 CMP                                 2                0
 298 JBE                                 1                0
 303 JMP                                 1                0
 312 JNZ                                 2                0
 317 JZ                                  1                0
 411 MOV                                10                0
 466 NOP                                 1                0
 477 OR                                  1                0
 597 POP                                 4                0
 651 PUSH                                4                0
 718 RET_NEAR                            1                0
 767 SHL                                 1                0
 795 SUB                                 1                0
 809 TEST                                2                0
3000 *total                             35                0
3002 *stack-read                         6                0
3003 *stack-write                        6                0
3004 *iprel-read                         2                0
3007 *mem-read-1                         2                0
3014 *mem-read-8                        10                0
3527 *mem-write-1                        1                0
3534 *mem-write-8                        6                0
#
#
# $rtn-counts rtn[159,_dl_check_map_versions] at 0x7f817cf85570
#
#     opcode       count-unpredicated    count-predicated
#
   8 ADD                               163                0
  23 AND                                83                0
  67 CALL_NEAR                          15                0
  84 CMOVB                              41                0
  99 CMOVZ                               2                0
 100 CMP                                97                0
 298 JBE                                 4                0
 303 JMP                                17                0
 312 JNZ                               139                0
 317 JZ                                109                0
 374 LEA                                94                0
 411 MOV                               586                0
 452 MOVZX                              95                0
 466 NOP                                 8                0
 597 POP                                24                0
 651 PUSH                               24                0
 718 RET_NEAR                            4                0
 795 SUB                                 4                0
 809 TEST                              198                0
1568 XOR                                 4                0
3000 *total                           1711                0
3002 *stack-read                        97                0
3003 *stack-write                       83                0
3004 *iprel-read                         6                0
3005 *iprel-write                        4                0
3007 *mem-read-1                        45                0
3008 *mem-read-2                       106                0
3010 *mem-read-4                       266                0
3014 *mem-read-8                       163                0
3528 *mem-write-2                        4                0
3530 *mem-write-4                       58                0
3534 *mem-write-8                      151                0
#
#
# $rtn-counts rtn[160,_dl_check_all_versions] at 0x7f817cf85cc0
#
#     opcode       count-unpredicated    count-predicated
#
   8 ADD                                 1                0
  67 CALL_NEAR                           4                0
 303 JMP                                 1                0
 312 JNZ                                 8                0
 317 JZ                                  1                0
 411 MOV                                20                0
 452 MOVZX                               4                0
 466 NOP                                 1                0
 477 OR                                  4                0
 597 POP                                 4                0
 651 PUSH                                4                0
 718 RET_NEAR                            1                0
 752 SETNZ                               4                0
 795 SUB                                 1                0
 809 TEST                               13                0
1568 XOR                                 1                0
3000 *total                             72                0
3002 *stack-read                         5                0
3003 *stack-write                        8                0
3007 *mem-read-1                         4                0
3014 *mem-read-8                         9                0
3534 *mem-write-8                        8                0
#
#
# $rtn-counts rtn[162,_dl_cache_libcmp] at 0x7f817cf85d40
#
#     opcode       count-unpredicated    count-predicated
#
   8 ADD                                78                0
 100 CMP                               149                0
 298 JBE                                97                0
 306 JNBE                                3                0
 312 JNZ                                87                0
 317 JZ                                 12                0
 374 LEA                               102                0
 411 MOV                                 2                0
 448 MOVSX                             103                0
 464 NEG                                 1                0
 466 NOP                                10                0
 718 RET_NEAR                           10                0
 795 SUB                                11                0
 809 TEST                               50                0
3000 *total                            715                0
3002 *stack-read                        10                0
3007 *mem-read-1                       102                0
3014 *mem-read-8                        10                0
#
#
# $rtn-counts rtn[163,search_cache] at 0x7f817cf85e10
#
#     opcode       count-unpredicated    count-predicated
#
   8 ADD                                13                0
  23 AND                                 2                0
  67 CALL_NEAR                          13                0
  95 CMOVNZ                              1                0
 100 CMP                                27                0
 273 IMUL                               12                0
 297 JB                                  1                0
 298 JBE                                 2                0
 302 JLE                                 6                0
 303 JMP                                 6                0
 305 JNB                                 9                0
 308 JNLE                                3                0
 311 JNS                                 8                0
 312 JNZ                                 4                0
 316 JS                                  1                0
 317 JZ                                 18                0
 374 LEA                                22                0
 411 MOV                                67                0
 449 MOVSXD                             11                0
 475 NOT                                 1                0
 477 OR                                  1                0
 597 POP                                 6                0
 651 PUSH                                6                0
 718 RET_NEAR                            1                0
 732 SAR                                 9                0
 757 SETZ                                1                0
 770 SHR                                 1                0
 795 SUB                                 3                0
 809 TEST                               17                0
1568 XOR                                 2                0
3000 *total                            274                0
3002 *stack-read                        29                0
3003 *stack-write                       32                0
3004 *iprel-read                         4                0
3010 *mem-read-4                        18                0
3014 *mem-read-8                        25                0
3530 *mem-write-4                        3                0
3534 *mem-write-8                       29                0
#
#
# $rtn-counts rtn[164,_dl_load_cache_lookup] at 0x7f817cf86620
#
#     opcode       count-unpredicated    count-predicated
#
  23 AND                                 5                0
  67 CALL_NEAR                           5                0
 100 CMP                                 7                0
 297 JB                                  1                0
 298 JBE                                 1                0
 303 JMP                                 2                0
 312 JNZ                                 5                0
 317 JZ                                  7                0
 374 LEA                                 7                0
 375 LEAVE                               1                0
 411 MOV                                27                0
 452 MOVZX                               1                0
 456 MUL                                 1                0
 466 NOP                                 1                0
 477 OR                                  2                0
 651 PUSH                                2                0
 718 RET_NEAR                            1                0
 770 SHR                                 1                0
 795 SUB                                 3                0
 809 TEST                                5                0
1568 XOR                                 2                0
3000 *total                             87                0
3002 *stack-read                         5                0
3003 *stack-write                        9                0
3004 *iprel-read                         5                0
3005 *iprel-write                        2                0
3007 *mem-read-1                         3                0
3010 *mem-read-4                         3                0
3014 *mem-read-8                        10                0
3534 *mem-write-8                       11                0
#
#
# $rtn-counts rtn[165,_dl_unload_cache] at 0x7f817cf869e0
#
#     opcode       count-unpredicated    count-predicated
#
   8 ADD                                 1                0
  67 CALL_NEAR                           1                0
 100 CMP                                 1                0
 298 JBE                                 1                0
 374 LEA                                 1                0
 411 MOV                                 4                0
 466 NOP                                 1                0
 718 RET_NEAR                            1                0
 795 SUB                                 1                0
3000 *total                             12                0
3002 *stack-read                         1                0
3003 *stack-write                        1                0
3004 *iprel-read                         2                0
3005 *iprel-write                        2                0
3014 *mem-read-8                         3                0
3530 *mem-write-4                        1                0
3534 *mem-write-8                        2                0
#
#
# $rtn-counts rtn[169,__GI___tunables_init] at 0x7f817cf86b20
#
#     opcode       count-unpredicated    count-predicated
#
   8 ADD                              3539                0
 100 CMP                              4809                0
 303 JMP                               118                0
 312 JNZ                              4892                0
 317 JZ                               3667                0
 374 LEA                              1001                0
 411 MOV                              2742                0
 452 MOVZX                            1867                0
 466 NOP                                56                0
 597 POP                                 6                0
 651 PUSH                                6                0
 718 RET_NEAR                            1                0
 795 SUB                                 1                0
 809 TEST                             3750                0
1568 XOR                                54                0
3000 *total                          26509                0
3002 *stack-read                         7                0
3003 *stack-write                       60                0
3004 *iprel-read                        55                0
3007 *mem-read-1                      3595                0
3010 *mem-read-4                        55                0
3014 *mem-read-8                      1790                0
3534 *mem-write-8                       60                0
#
#
# $rtn-counts rtn[171,__tunable_get_val] at 0x7f817cf871d0
#
#     opcode       count-unpredicated    count-predicated
#
 100 CMP                                69                0
 303 JMP                                 7                0
 312 JNZ                                19                0
 317 JZ                                 73                0
 374 LEA                               118                0
 411 MOV                               100                0
 466 NOP                                25                0
 718 RET_NEAR                           25                0
 767 SHL                                25                0
 795 SUB                                68                0
 809 TEST                               23                0
3000 *total                            552                0
3002 *stack-read                        25                0
3007 *mem-read-1                        25                0
3010 *mem-read-4                        25                0
3014 *mem-read-8                        50                0
3530 *mem-write-4                        4                0
3534 *mem-write-8                       21                0
#
#
# $rtn-counts rtn[174,get_common_indices.constprop.1] at 0x7f817cf875b0
#
#     opcode       count-unpredicated    count-predicated
#
  23 AND                                 4                0
 100 CMP                                 3                0
 117 CPUID                               3                0
 302 JLE                                 2                0
 317 JZ                                  1                0
 411 MOV                                29                0
 597 POP                                 1                0
 651 PUSH                                1                0
 718 RET_NEAR                            1                0
 770 SHR                                 3                0
1568 XOR                                 1                0
3000 *total                             49                0
3002 *stack-read                         2                0
3003 *stack-write                        1                0
3004 *iprel-read                         2                0
3005 *iprel-write                       12                0
3010 *mem-read-4                         3                0
3014 *mem-read-8                         2                0
3530 *mem-write-4                       16                0
3534 *mem-write-8                        1                0
#
#
# $rtn-counts rtn[175,update_usable.constprop.2] at 0x7f817cf876e0
#
#     opcode       count-unpredicated    count-predicated
#
   8 ADD                                 1                0
  23 AND                                12                0
 317 JZ                                  3                0
 411 MOV                                27                0
 477 OR                                 11                0
 597 POP                                 6                0
 651 PUSH                                6                0
 718 RET_NEAR                            1                0
 795 SUB                                 1                0
 809 TEST                                3                0
3000 *total                             71                0
3002 *stack-read                         8                0
3003 *stack-write                        7                0
3004 *iprel-read                        19                0
3005 *iprel-write                        9                0
3010 *mem-read-4                        20                0
3014 *mem-read-8                         7                0
3530 *mem-write-4                       10                0
3534 *mem-write-8                        6                0
#
#
# $rtn-counts rtn[176,init_cpu_features.constprop.0] at 0x7f817cf87aa0
#
#     opcode       count-unpredicated    count-predicated
#
   8 ADD                                 3                0
  23 AND                                10                0
  67 CALL_NEAR                          10                0
 100 CMP                                11                0
 117 CPUID                               5                0
 298 JBE                                 2                0
 303 JMP                                 3                0
 306 JNBE                                2                0
 312 JNZ                                 5                0
 317 JZ                                 14                0
 374 LEA                                 8                0
 411 MOV                                72                0
 449 MOVSXD                              1                0
 477 OR                                  5                0
 597 POP                                 2                0
 651 PUSH                                2                0
 718 RET_NEAR                            1                0
 795 SUB                                 1                0
 802 SYSCALL                             1                0
 809 TEST                                9                0
1568 XOR                                 6                0
3000 *total                            173                0
3002 *stack-read                        13                0
3003 *stack-write                       16                0
3004 *iprel-read                        19                0
3005 *iprel-write                       35                0
3007 *mem-read-1                         3                0
3010 *mem-read-4                        21                0
3014 *mem-read-8                         9                0
3530 *mem-write-4                       31                0
3534 *mem-write-8                       20                0
#
#
# $rtn-counts rtn[177,__x86_cpu_features_ifunc] at 0x7f817cf882d0
#
#     opcode       count-unpredicated    count-predicated
#
 317 JZ                                  1                0
 411 MOV                                 1                0
 466 NOP                                 1                0
 718 RET_NEAR                            1                0
 809 TEST                                1                0
1568 XOR                                 1                0
3000 *total                              6                0
3002 *stack-read                         1                0
3004 *iprel-read                         1                0
3010 *mem-read-4                         1                0
3014 *mem-read-8                         1                0
#
#
# $rtn-counts rtn[178,_dl_x86_init_cpu_features] at 0x7f817cf88300
#
#     opcode       count-unpredicated    count-predicated
#
 303 JMP                                 1                0
 317 JZ                                  1                0
 411 MOV                                 1                0
 466 NOP                                 1                0
 809 TEST                                1                0
3000 *total                              5                0
3004 *iprel-read                         1                0
3010 *mem-read-4                         1                0
#
#
# $rtn-counts rtn[180,dl_cet_check] at 0x7f817cf88340
#
#     opcode       count-unpredicated    count-predicated
#
   8 ADD                                 1                0
  23 AND                                 3                0
 100 CMP                                 2                0
 312 JNZ                                 1                0
 317 JZ                                  1                0
 411 MOV                                 2                0
 452 MOVZX                               1                0
 597 POP                                 6                0
 651 PUSH                                6                0
 718 RET_NEAR                            1                0
 757 SETZ                                2                0
 770 SHR                                 1                0
 795 SUB                                 1                0
 809 TEST                                1                0
3000 *total                             29                0
3002 *stack-read                         7                0
3003 *stack-write                        6                0
3004 *iprel-read                         2                0
3007 *mem-read-1                         1                0
3010 *mem-read-4                         1                0
3014 *mem-read-8                         7                0
3534 *mem-write-8                        6                0
#
#
# $rtn-counts rtn[182,_dl_cet_check] at 0x7f817cf88790
#
#     opcode       count-unpredicated    count-predicated
#
 303 JMP                                 1                0
 466 NOP                                 1                0
3000 *total                              2                0
#
#
# $rtn-counts rtn[183,_dl_audit_activity_map] at 0x7f817cf887a0
#
#     opcode       count-unpredicated    count-predicated
#
   8 ADD                                 1                0
 317 JZ                                  1                0
 411 MOV                                 2                0
 466 NOP                                 1                0
 597 POP                                 4                0
 651 PUSH                                4                0
 718 RET_NEAR                            1                0
 795 SUB                                 1                0
 809 TEST                                1                0
3000 *total                             16                0
3002 *stack-read                         5                0
3003 *stack-write                        4                0
3004 *iprel-read                         2                0
3010 *mem-read-4                         1                0
3014 *mem-read-8                         6                0
3534 *mem-write-8                        4                0
#
#
# $rtn-counts rtn[184,_dl_audit_activity_nsid] at 0x7f817cf88810
#
#     opcode       count-unpredicated    count-predicated
#
   8 ADD                                 3                0
 317 JZ                                  3                0
 374 LEA                                 9                0
 411 MOV                                 6                0
 466 NOP                                 3                0
 597 POP                                12                0
 651 PUSH                               12                0
 718 RET_NEAR                            3                0
 795 SUB                                 3                0
 809 TEST                                3                0
3000 *total                             57                0
3002 *stack-read                        15                0
3003 *stack-write                       12                0
3004 *iprel-read                         3                0
3010 *mem-read-4                         3                0
3014 *mem-read-8                        18                0
3534 *mem-write-8                       12                0
#
#
# $rtn-counts rtn[186,_dl_audit_objopen] at 0x7f817cf88930
#
#     opcode       count-unpredicated    count-predicated
#
 312 JNZ                                 2                0
 411 MOV                                 2                0
 466 NOP                                 2                0
 718 RET_NEAR                            2                0
 809 TEST                                2                0
3000 *total                             10                0
3002 *stack-read                         2                0
3004 *iprel-read                         2                0
3010 *mem-read-4                         2                0
3014 *mem-read-8                         2                0
#
#
# $rtn-counts rtn[187,_dl_audit_objclose] at 0x7f817cf889b0
#
#     opcode       count-unpredicated    count-predicated
#
 312 JNZ                                 3                0
 411 MOV                                 3                0
 466 NOP                                 3                0
 718 RET_NEAR                            3                0
 809 TEST                                3                0
3000 *total                             15                0
3002 *stack-read                         3                0
3004 *iprel-read                         3                0
3010 *mem-read-4                         3                0
3014 *mem-read-8                         3                0
#
#
# $rtn-counts rtn[188,_dl_audit_preinit] at 0x7f817cf88a20
#
#     opcode       count-unpredicated    count-predicated
#
 312 JNZ                                 1                0
 411 MOV                                 1                0
 466 NOP                                 1                0
 718 RET_NEAR                            1                0
 809 TEST                                1                0
3000 *total                              5                0
3002 *stack-read                         1                0
3004 *iprel-read                         1                0
3010 *mem-read-4                         1                0
3014 *mem-read-8                         1                0
#
#
# $rtn-counts rtn[208,_dl_next_ld_env_entry] at 0x7f817cf8adb0
#
#     opcode       count-unpredicated    count-predicated
#
   8 ADD                                55                0
 100 CMP                                63                0
 312 JNZ                                65                0
 317 JZ                                 53                0
 411 MOV                                58                0
 466 NOP                                 2                0
 718 RET_NEAR                            2                0
 809 TEST                               55                0
3000 *total                            353                0
3002 *stack-read                         2                0
3007 *mem-read-1                        63                0
3014 *mem-read-8                        59                0
3534 *mem-write-8                        1                0
#
#
# $rtn-counts rtn[215,_dl_catch_exception] at 0x7f817cf8b0d0
#
#     opcode       count-unpredicated    count-predicated
#
   8 ADD                                 2                0
  67 CALL_NEAR                           4                0
 312 JNZ                                 2                0
 317 JZ                                  2                0
 374 LEA                                 6                0
 411 MOV                                34                0
 451 MOVUPS                              2                0
 466 NOP                                 4                0
 597 POP                                 2                0
 651 PUSH                                2                0
 657 PXOR                                2                0
 718 RET_NEAR                            2                0
 795 SUB                                 2                0
 809 TEST                                4                0
1568 XOR                                 2                0
3000 *total                             72                0
3002 *stack-read                        14                0
3003 *stack-write                       18                0
3004 *iprel-read                         2                0
3005 *iprel-write                        4                0
3014 *mem-read-8                        16                0
3534 *mem-write-8                       24                0
3542 *mem-write-16                       2                0
#
#
# $rtn-counts rtn[217,_dl_receive_error] at 0x7f817cf8b210
#
#     opcode       count-unpredicated    count-predicated
#
   8 ADD                                 1                0
  67 CALL_NEAR                           1                0
 411 MOV                                 7                0
 466 NOP                                 1                0
 597 POP                                 2                0
 651 PUSH                                2                0
 718 RET_NEAR                            1                0
 795 SUB                                 1                0
3000 *total                             16                0
3002 *stack-read                         3                0
3003 *stack-write                        3                0
3004 *iprel-read                         2                0
3005 *iprel-write                        4                0
3014 *mem-read-8                         5                0
3534 *mem-write-8                        7                0
#
#
# $rtn-counts rtn[219,update_hwcaps_counts] at 0x7f817cf8b270
#
#     opcode       count-unpredicated    count-predicated
#
   8 ADD                                 4                0
  67 CALL_NEAR                           3                0
 100 CMP                                 1                0
 303 JMP                                 3                0
 306 JNBE                                1                0
 312 JNZ                                 3                0
 411 MOV                                17                0
 597 POP                                 4                0
 651 PUSH                                4                0
 718 RET_NEAR                            2                0
 795 SUB                                 2                0
 809 TEST                                3                0
3000 *total                             47                0
3002 *stack-read                         7                0
3003 *stack-write                       15                0
3014 *mem-read-8                        10                0
3530 *mem-write-4                        2                0
3534 *mem-write-8                       16                0
#
#
# $rtn-counts rtn[220,copy_hwcaps.isra.1] at 0x7f817cf8b2d0
#
#     opcode       count-unpredicated    count-predicated
#
   8 ADD                                 6                0
  67 CALL_NEAR                           4                0
 303 JMP                                 2                0
 312 JNZ                                 3                0
 411 MOV                                33                0
 597 POP                                 8                0
 651 PUSH                                8                0
 718 RET_NEAR                            2                0
 795 SUB                                 2                0
 809 TEST                                3                0
3000 *total                             71                0
3002 *stack-read                        14                0
3003 *stack-write                       21                0
3014 *mem-read-8                        16                0
3527 *mem-write-1                        2                0
3530 *mem-write-4                        3                0
3534 *mem-write-8                       23                0
#
#
# $rtn-counts rtn[221,_dl_important_hwcaps] at 0x7f817cf8b370
#
#     opcode       count-unpredicated    count-predicated
#
   8 ADD                                64                0
  23 AND                                 5                0
  58 BT                                  4                0
  67 CALL_NEAR                          17                0
  89 CMOVNBE                             1                0
 100 CMP                                25                0
 297 JB                                  8                0
 298 JBE                                 2                0
 303 JMP                                 7                0
 305 JNB                                 4                0
 312 JNZ                                46                0
 317 JZ                                 30                0
 374 LEA                                42                0
 411 MOV                               252                0
 413 MOVAPS                              1                0
 449 MOVSXD                             10                0
 452 MOVZX                               1                0
 464 NEG                                 3                0
 466 NOP                                 8                0
 477 OR                                  1                0
 597 POP                                 6                0
 651 PUSH                                6                0
 657 PXOR                                1                0
 718 RET_NEAR                            1                0
 752 SETNZ                               1                0
 767 SHL                                35                0
 795 SUB                                47                0
 809 TEST                               54                0
1568 XOR                                10                0
3000 *total                            692                0
3002 *stack-read                        61                0
3003 *stack-write                       62                0
3004 *iprel-read                         8                0
3005 *iprel-write                        4                0
3007 *mem-read-1                         1                0
3010 *mem-read-4                         6                0
3014 *mem-read-8                       102                0
3527 *mem-write-1                        5                0
3530 *mem-write-4                        8                0
3534 *mem-write-8                       94                0
3542 *mem-write-16                       1                0
#
#
# $rtn-counts rtn[222,_dl_hwcaps_subdirs_active] at 0x7f817cf8bc60
#
#     opcode       count-unpredicated    count-predicated
#
  23 AND                                 3                0
 100 CMP                                 1                0
 312 JNZ                                 1                0
 317 JZ                                  3                0
 411 MOV                                 6                0
 466 NOP                                 1                0
 718 RET_NEAR                            1                0
 809 TEST                                1                0
1568 XOR                                 1                0
3000 *total                             18                0
3002 *stack-read                         1                0
3004 *iprel-read                         2                0
3010 *mem-read-4                         2                0
3014 *mem-read-8                         1                0
#
#
# $rtn-counts rtn[223,_dl_hwcaps_split.part.1] at 0x7f817cf8bd00
#
#     opcode       count-unpredicated    count-predicated
#
   8 ADD                                18                0
  67 CALL_NEAR                          12                0
 100 CMP                                18                0
 312 JNZ                                12                0
 317 JZ                                 27                0
 374 LEA                                 6                0
 411 MOV                                72                0
 452 MOVZX                              18                0
 466 NOP                                 6                0
 597 POP                                24                0
 651 PUSH                               24                0
 718 RET_NEAR                           12                0
 795 SUB                                18                0
 809 TEST                               21                0
1568 XOR                                12                0
3000 *total                            300                0
3002 *stack-read                        36                0
3003 *stack-write                       45                0
3007 *mem-read-1                        18                0
3014 *mem-read-8                        48                0
3534 *mem-write-8                       51                0
#
#
# $rtn-counts rtn[224,_dl_hwcaps_split] at 0x7f817cf8bd80
#
#     opcode       count-unpredicated    count-predicated
#
 317 JZ                                  1                0
 411 MOV                                 1                0
 466 NOP                                 1                0
 718 RET_NEAR                            1                0
 809 TEST                                1                0
1568 XOR                                 1                0
3000 *total                              6                0
3002 *stack-read                         1                0
3014 *mem-read-8                         2                0
#
#
# $rtn-counts rtn[225,_dl_hwcaps_contains] at 0x7f817cf8bdb0
#
#     opcode       count-unpredicated    count-predicated
#
 317 JZ                                  3                0
 411 MOV                                 3                0
 466 NOP                                 3                0
 718 RET_NEAR                            3                0
 809 TEST                                3                0
3000 *total                             15                0
3002 *stack-read                         3                0
3014 *mem-read-8                         3                0
#
#
# $rtn-counts rtn[226,_dl_hwcaps_split_masked] at 0x7f817cf8be50
#
#     opcode       count-unpredicated    count-predicated
#
   8 ADD                                12                0
  67 CALL_NEAR                          15                0
 317 JZ                                 38                0
 411 MOV                                82                0
 466 NOP                                 8                0
 597 POP                                 8                0
 651 PUSH                                8                0
 718 RET_NEAR                            8                0
 770 SHR                                 9                0
 809 TEST                               38                0
1568 XOR                                 5                0
3000 *total                            231                0
3002 *stack-read                        16                0
3003 *stack-write                       23                0
3010 *mem-read-4                         9                0
3014 *mem-read-8                        51                0
3530 *mem-write-4                        9                0
3534 *mem-write-8                       35                0
#
#
# $rtn-counts rtn[227,rtld_calloc] at 0x7f817cf8beb0
#
#     opcode       count-unpredicated    count-predicated
#
 100 CMP                                 9                0
 273 IMUL                                9                0
 298 JBE                                 9                0
 303 JMP                                 9                0
 411 MOV                                27                0
 466 NOP                                 9                0
 477 OR                                  9                0
3000 *total                             81                0
3004 *iprel-read                         9                0
3014 *mem-read-8                         9                0
#
#
# $rtn-counts rtn[228,rtld_malloc] at 0x7f817cf8bef0
#
#     opcode       count-unpredicated    count-predicated
#
   8 ADD                                31                0
  23 AND                                28                0
  67 CALL_NEAR                           2                0
 100 CMP                                52                0
 303 JMP                                 1                0
 305 JNB                                25                0
 306 JNBE                               23                0
 312 JNZ                                 2                0
 317 JZ                                 29                0
 374 LEA                                31                0
 411 MOV                               192                0
 464 NEG                                26                0
 466 NOP                                25                0
 597 POP                                 4                0
 651 PUSH                                4                0
 718 RET_NEAR                           25                0
 795 SUB                                 2                0
 809 TEST                               25                0
1568 XOR                                 4                0
3000 *total                            531                0
3002 *stack-read                        29                0
3003 *stack-write                        6                0
3004 *iprel-read                        54                0
3005 *iprel-write                       78                0
3014 *mem-read-8                        83                0
3534 *mem-write-8                       84                0
#
#
# $rtn-counts rtn[229,rtld_free] at 0x7f817cf8c020
#
#     opcode       count-unpredicated    count-predicated
#
 100 CMP                                 5                0
 317 JZ                                  5                0
 411 MOV                                 5                0
 466 NOP                                 5                0
 718 RET_NEAR                            5                0
3000 *total                             25                0
3002 *stack-read                         5                0
3004 *iprel-read                         5                0
3014 *mem-read-8                        10                0
#
#
# $rtn-counts rtn[230,__rtld_malloc_init_stubs] at 0x7f817cf8c060
#
#     opcode       count-unpredicated    count-predicated
#
 374 LEA                                 4                0
 411 MOV                                 4                0
 466 NOP                                 1                0
 718 RET_NEAR                            1                0
3000 *total                             10                0
3002 *stack-read                         1                0
3005 *iprel-write                        4                0
3014 *mem-read-8                         1                0
3534 *mem-write-8                        4                0
#
#
# $rtn-counts rtn[238,lookup_malloc_symbol] at 0x7f817cf8c2f0
#
#     opcode       count-unpredicated    count-predicated
#
   8 ADD                                 8                0
  23 AND                                 4                0
  67 CALL_NEAR                           4                0
 100 CMP                                12                0
 312 JNZ                                 4                0
 317 JZ                                 16                0
 411 MOV                                52                0
 452 MOVZX                               4                0
 597 POP                                20                0
 651 PUSH                               20                0
 718 RET_NEAR                            4                0
 795 SUB                                 4                0
 809 TEST                                8                0
1568 XOR                                 4                0
3000 *total                            164                0
3002 *stack-read                        36                0
3003 *stack-write                       32                0
3004 *iprel-read                         4                0
3007 *mem-read-1                         4                0
3008 *mem-read-2                         4                0
3010 *mem-read-4                         4                0
3014 *mem-read-8                        44                0
3534 *mem-write-8                       32                0
#
#
# $rtn-counts rtn[239,__rtld_malloc_init_real] at 0x7f817cf8c3c0
#
#     opcode       count-unpredicated    count-predicated
#
   8 ADD                                13                0
  23 AND                                 7                0
  67 CALL_NEAR                           4                0
 303 JMP                                 5                0
 317 JZ                                  6                0
 374 LEA                                 6                0
 411 MOV                                30                0
 452 MOVZX                              10                0
 466 NOP                                 1                0
 597 POP                                 5                0
 651 PUSH                                5                0
 718 RET_NEAR                            1                0
 767 SHL                                 6                0
 770 SHR                                 6                0
 795 SUB                                 1                0
 809 TEST                                6                0
1568 XOR                                 6                0
3000 *total                            118                0
3002 *stack-read                         6                0
3003 *stack-write                       13                0
3005 *iprel-write                        4                0
3007 *mem-read-1                         5                0
3014 *mem-read-8                         6                0
3530 *mem-write-4                        2                0
3534 *mem-write-8                       15                0
#
#
# $rtn-counts rtn[242,strsep] at 0x7f817cf8c580
#
#     opcode       count-unpredicated    count-predicated
#
   8 ADD                               405                0
 100 CMP                               273                0
 303 JMP                               139                0
 312 JNZ                               408                0
 317 JZ                                284                0
 374 LEA                                 3                0
 411 MOV                               291                0
 452 MOVZX                             414                0
 466 NOP                                 8                0
 718 RET_NEAR                            5                0
 809 TEST                              419                0
1568 XOR                                 1                0
3000 *total                           2650                0
3002 *stack-read                         5                0
3007 *mem-read-1                       414                0
3014 *mem-read-8                        10                0
3527 *mem-write-1                        3                0
3534 *mem-write-8                        4                0
#
#
# $rtn-counts rtn[246,_dl_sysdep_start] at 0x7f817cf8d230
#
#     opcode       count-unpredicated    count-predicated
#
   8 ADD                                95                0
  67 CALL_NEAR                           7                0
  70 CDQE                                1                0
 100 CMP                                82                0
 303 JMP                                30                0
 306 JNBE                               20                0
 312 JNZ                                75                0
 317 JZ                                 14                0
 374 LEA                                 6                0
 411 MOV                                96                0
 449 MOVSXD                             19                0
 452 MOVZX                               1                0
 466 NOP                                 3                0
 597 POP                                 6                0
 651 PUSH                                6                0
 718 RET_NEAR                            1                0
 795 SUB                                21                0
 809 TEST                               27                0
1568 XOR                                 9                0
3000 *total                            519                0
3002 *stack-read                        19                0
3003 *stack-write                       37                0
3004 *iprel-read                        11                0
3005 *iprel-write                       15                0
3007 *mem-read-1                         6                0
3008 *mem-read-2                         1                0
3010 *mem-read-4                        26                0
3014 *mem-read-8                       104                0
3527 *mem-write-1                       11                0
3528 *mem-write-2                        1                0
3530 *mem-write-4                        5                0
3534 *mem-write-8                       35                0
#
#
# $rtn-counts rtn[247,_dl_sysdep_start_cleanup] at 0x7f817cf8d5c0
#
#     opcode       count-unpredicated    count-predicated
#
 466 NOP                                 1                0
 718 RET_NEAR                            1                0
3000 *total                              2                0
3002 *stack-read                         1                0
3014 *mem-read-8                         1                0
#
#
# $rtn-counts rtn[249,_dl_discover_osversion] at 0x7f817cf8d770
#
#     opcode       count-unpredicated    count-predicated
#
   8 ADD                                 6                0
 100 CMP                                 7                0
 298 JBE                                 1                0
 303 JMP                                 2                0
 312 JNZ                                 5                0
 317 JZ                                  4                0
 374 LEA                                 1                0
 411 MOV                                10                0
 452 MOVZX                               1                0
 466 NOP                                 1                0
 477 OR                                  1                0
 597 POP                                 3                0
 651 PUSH                                3                0
 718 RET_NEAR                            1                0
 795 SUB                                 2                0
 809 TEST                                2                0
1568 XOR                                 3                0
3000 *total                             53                0
3002 *stack-read                         4                0
3003 *stack-write                        3                0
3004 *iprel-read                         3                0
3008 *mem-read-2                         1                0
3010 *mem-read-4                         6                0
3014 *mem-read-8                        13                0
3534 *mem-write-8                        3                0
#
#
# $rtn-counts rtn[254,_dl_help] at 0x7f817cf8dab0
#
#     opcode       count-unpredicated    count-predicated
#
  23 AND                                 1                0
  67 CALL_NEAR                           2                0
 303 JMP                                 1                0
 374 LEA                                 4                0
 411 MOV                                 7                0
 597 POP                                 1                0
 651 PUSH                                1                0
 795 SUB                                 1                0
1568 XOR                                 1                0
3000 *total                             19                0
3002 *stack-read                         1                0
3003 *stack-write                        3                0
3004 *iprel-read                         2                0
3010 *mem-read-4                         1                0
3014 *mem-read-8                         2                0
3534 *mem-write-8                        3                0
#
#
# $rtn-counts rtn[255,rtld_lock_default_lock_recursive] at 0x7f817cf8df60
#
#     opcode       count-unpredicated    count-predicated
#
   8 ADD                                 6                0
 466 NOP                                 6                0
 718 RET_NEAR                            6                0
3000 *total                             18                0
3002 *stack-read                         6                0
3010 *mem-read-4                         6                0
3014 *mem-read-8                         6                0
3530 *mem-write-4                        6                0
#
#
# $rtn-counts rtn[256,rtld_lock_default_unlock_recursive] at 0x7f817cf8df70
#
#     opcode       count-unpredicated    count-predicated
#
 466 NOP                                 6                0
 718 RET_NEAR                            6                0
 795 SUB                                 6                0
3000 *total                             18                0
3002 *stack-read                         6                0
3010 *mem-read-4                         6                0
3014 *mem-read-8                         6                0
3530 *mem-write-4                        6                0
#
#
# $rtn-counts rtn[267,init_tls] at 0x7f817cf8e630
#
#     opcode       count-unpredicated    count-predicated
#
   8 ADD                                 3                0
  67 CALL_NEAR                           5                0
 100 CMP                                 7                0
 312 JNZ                                 8                0
 317 JZ                                  6                0
 374 LEA                                 2                0
 411 MOV                                29                0
 449 MOVSXD                              1                0
 466 NOP                                 1                0
 597 POP                                 2                0
 651 PUSH                                2                0
 718 RET_NEAR                            1                0
 767 SHL                                 2                0
 795 SUB                                 1                0
 802 SYSCALL                             1                0
 809 TEST                                7                0
1568 XOR                                 2                0
3000 *total                             80                0
3002 *stack-read                         3                0
3003 *stack-write                        7                0
3004 *iprel-read                         6                0
3005 *iprel-write                        5                0
3014 *mem-read-8                        18                0
3527 *mem-write-1                        1                0
3534 *mem-write-8                       15                0
#
#
# $rtn-counts rtn[270,version_check_doit] at 0x7f817cf8e880
#
#     opcode       count-unpredicated    count-predicated
#
  67 CALL_NEAR                           1                0
 317 JZ                                  1                0
 411 MOV                                 4                0
 466 NOP                                 1                0
 597 POP                                 1                0
 651 PUSH                                1                0
 718 RET_NEAR                            1                0
 809 TEST                                1                0
3000 *total                             11                0
3002 *stack-read                         2                0
3003 *stack-write                        2                0
3004 *iprel-read                         1                0
3010 *mem-read-4                         1                0
3014 *mem-read-8                         3                0
3534 *mem-write-8                        2                0
#
#
# $rtn-counts rtn[273,_dl_start] at 0x7f817cf8ebf0
#
#     opcode       count-unpredicated    count-predicated
#
   8 ADD                               212                0
  23 AND                                 6                0
  67 CALL_NEAR                           3                0
  95 CMOVNZ                              1                0
 100 CMP                               161                0
 297 JB                                 50                0
 298 JBE                                28                0
 303 JMP                                13                0
 305 JNB                                 1                0
 306 JNBE                               14                0
 312 JNZ                                57                0
 317 JZ                                 62                0
 374 LEA                                27                0
 411 MOV                               291                0
 449 MOVSXD                              5                0
 452 MOVZX                              12                0
 464 NEG                                 1                0
 466 NOP                                 2                0
 477 OR                                  3                0
 597 POP                                 6                0
 651 PUSH                                6                0
 672 RDTSC                               2                0
 718 RET_NEAR                            1                0
 732 SAR                                 1                0
 767 SHL                                 2                0
 770 SHR                                 6                0
 795 SUB                                21                0
 809 TEST                               52                0
1568 XOR                                 6                0
3000 *total                           1052                0
3002 *stack-read                         7                0
3003 *stack-write                        9                0
3004 *iprel-read                        31                0
3005 *iprel-write                       10                0
3007 *mem-read-1                         8                0
3008 *mem-read-2                         6                0
3010 *mem-read-4                        55                0
3014 *mem-read-8                       196                0
3527 *mem-write-1                        1                0
3534 *mem-write-8                      101                0
#
#
# $rtn-counts rtn[275,dl_main] at 0x7f817cf8f2c0
#
#     opcode       count-unpredicated    count-predicated
#
   8 ADD                               102                0
  23 AND                                 7                0
  67 CALL_NEAR                          37                0
  70 CDQE                                1                0
  99 CMOVZ                               1                0
 100 CMP                               182                0
 297 JB                                  3                0
 298 JBE                                61                0
 302 JLE                                 1                0
 303 JMP                                18                0
 305 JNB                                13                0
 306 JNBE                                7                0
 312 JNZ                                71                0
 316 JS                                  1                0
 317 JZ                                151                0
 374 LEA                                58                0
 411 MOV                               443                0
 421 MOVDQU                              1                0
 449 MOVSXD                              4                0
 451 MOVUPS                              1                0
 452 MOVZX                              18                0
 464 NEG                                 4                0
 466 NOP                                 7                0
 477 OR                                 12                0
 597 POP                                 6                0
 651 PUSH                                6                0
 672 RDTSC                               6                0
 718 RET_NEAR                            1                0
 732 SAR                                 2                0
 752 SETNZ                               4                0
 757 SETZ                                4                0
 767 SHL                                10                0
 770 SHR                                 1                0
 795 SUB                                33                0
 809 TEST                              119                0
1568 XOR                                34                0
3000 *total                           1430                0
3002 *stack-read                        37                0
3003 *stack-write                       76                0
3004 *iprel-read                        57                0
3005 *iprel-write                       40                0
3007 *mem-read-1                        33                0
3008 *mem-read-2                         5                0
3010 *mem-read-4                        35                0
3014 *mem-read-8                       231                0
3022 *mem-read-16                        1                0
3527 *mem-write-1                       14                0
3528 *mem-write-2                        5                0
3530 *mem-write-4                       17                0
3534 *mem-write-8                      179                0
3542 *mem-write-16                       1                0
#
#
# $rtn-counts rtn[276,__brk] at 0x7f817cf92fb0
#
#     opcode       count-unpredicated    count-predicated
#
 100 CMP                                 2                0
 306 JNBE                                2                0
 411 MOV                                 2                0
 466 NOP                                 1                0
 718 RET_NEAR                            1                0
 802 SYSCALL                             1                0
1568 XOR                                 1                0
3000 *total                             10                0
3002 *stack-read                         1                0
3005 *iprel-write                        1                0
3014 *mem-read-8                         1                0
3534 *mem-write-8                        1                0
#
#
# $rtn-counts rtn[277,sbrk] at 0x7f817cf93000
#
#     opcode       count-unpredicated    count-predicated
#
   8 ADD                                 1                0
 312 JNZ                                 1                0
 317 JZ                                  2                0
 411 MOV                                 4                0
 466 NOP                                 1                0
 597 POP                                 2                0
 651 PUSH                                2                0
 718 RET_NEAR                            1                0
 795 SUB                                 1                0
 809 TEST                                3                0
3000 *total                             18                0
3002 *stack-read                         3                0
3003 *stack-write                        2                0
3004 *iprel-read                         2                0
3010 *mem-read-4                         1                0
3014 *mem-read-8                         4                0
3534 *mem-write-8                        2                0
#
#
# $rtn-counts rtn[294,_xstat] at 0x7f817cf93b90
#
#     opcode       count-unpredicated    count-predicated
#
 100 CMP                                36                0
 306 JNBE                               36                0
 411 MOV                               104                0
 464 NEG                                16                0
 466 NOP                                18                0
 718 RET_NEAR                           18                0
 802 SYSCALL                            18                0
3000 *total                            246                0
3002 *stack-read                        18                0
3005 *iprel-write                       16                0
3014 *mem-read-8                        18                0
3530 *mem-write-4                       16                0
#
#
# $rtn-counts rtn[295,__GI___fxstat] at 0x7f817cf93be0
#
#     opcode       count-unpredicated    count-predicated
#
 100 CMP                                 4                0
 306 JNBE                                4                0
 411 MOV                                 8                0
 466 NOP                                 2                0
 718 RET_NEAR                            2                0
 802 SYSCALL                             2                0
3000 *total                             22                0
3002 *stack-read                         2                0
3014 *mem-read-8                         2                0
#
#
# $rtn-counts rtn[297,lseek64] at 0x7f817cf93c70
#
#     opcode       count-unpredicated    count-predicated
#
 100 CMP                                 1                0
 306 JNBE                                1                0
 411 MOV                                 1                0
 466 NOP                                 1                0
 718 RET_NEAR                            1                0
 802 SYSCALL                             1                0
3000 *total                              6                0
3002 *stack-read                         1                0
3014 *mem-read-8                         1                0
#
#
# $rtn-counts rtn[298,access] at 0x7f817cf93ca0
#
#     opcode       count-unpredicated    count-predicated
#
 100 CMP                                 1                0
 306 JNBE                                1                0
 411 MOV                                 3                0
 464 NEG                                 1                0
 466 NOP                                 1                0
 718 RET_NEAR                            1                0
 802 SYSCALL                             1                0
3000 *total                              9                0
3002 *stack-read                         1                0
3005 *iprel-write                        1                0
3014 *mem-read-8                         1                0
3530 *mem-write-4                        1                0
#
#
# $rtn-counts rtn[299,__GI___close_nocancel] at 0x7f817cf93cd0
#
#     opcode       count-unpredicated    count-predicated
#
 100 CMP                                 2                0
 306 JNBE                                2                0
 411 MOV                                 2                0
 466 NOP                                 2                0
 718 RET_NEAR                            2                0
 802 SYSCALL                             2                0
3000 *total                             12                0
3002 *stack-read                         2                0
3014 *mem-read-8                         2                0
#
#
# $rtn-counts rtn[302,__open_nocancel] at 0x7f817cf93da0
#
#     opcode       count-unpredicated    count-predicated
#
  23 AND                                58                0
 100 CMP                                58                0
 306 JNBE                               29                0
 312 JNZ                                29                0
 317 JZ                                 29                0
 411 MOV                               257                0
 464 NEG                                27                0
 466 NOP                                29                0
 718 RET_NEAR                           29                0
 802 SYSCALL                            29                0
3000 *total                            574                0
3002 *stack-read                        29                0
3003 *stack-write                       29                0
3005 *iprel-write                       27                0
3014 *mem-read-8                        29                0
3530 *mem-write-4                       27                0
3534 *mem-write-8                       29                0
#
#
# $rtn-counts rtn[304,__GI___read_nocancel] at 0x7f817cf93e90
#
#     opcode       count-unpredicated    count-predicated
#
 100 CMP                                 2                0
 306 JNBE                                2                0
 466 NOP                                 2                0
 718 RET_NEAR                            2                0
 802 SYSCALL                             2                0
1568 XOR                                 2                0
3000 *total                             12                0
3002 *stack-read                         2                0
3014 *mem-read-8                         2                0
#
#
# $rtn-counts rtn[306,__libc_scratch_buffer_set_array_size] at 0x7f817cf93ef0
#
#     opcode       count-unpredicated    count-predicated
#
 100 CMP                                 1                0
 273 IMUL                                1                0
 305 JNB                                 1                0
 317 JZ                                  1                0
 411 MOV                                 4                0
 466 NOP                                 1                0
 477 OR                                  1                0
 597 POP                                 3                0
 651 PUSH                                3                0
 718 RET_NEAR                            1                0
 770 SHR                                 1                0
3000 *total                             18                0
3002 *stack-read                         4                0
3003 *stack-write                        3                0
3014 *mem-read-8                         5                0
3534 *mem-write-8                        3                0
#
#
# $rtn-counts rtn[307,__mmap] at 0x7f817cf93fa0
#
#     opcode       count-unpredicated    count-predicated
#
 100 CMP                                 6                0
 306 JNBE                                6                0
 312 JNZ                                 6                0
 317 JZ                                 11                0
 411 MOV                                78                0
 466 NOP                                 6                0
 597 POP                                36                0
 651 PUSH                               36                0
 718 RET_NEAR                            6                0
 802 SYSCALL                             6                0
 809 TEST                               17                0
3000 *total                            214                0
3002 *stack-read                        42                0
3003 *stack-write                       36                0
3004 *iprel-read                         1                0
3007 *mem-read-1                         1                0
3014 *mem-read-8                        42                0
3534 *mem-write-8                       36                0
#
#
# $rtn-counts rtn[312,__strdup] at 0x7f817cf942a0
#
#     opcode       count-unpredicated    count-predicated
#
   8 ADD                                 3                0
  67 CALL_NEAR                           9                0
 317 JZ                                  3                0
 374 LEA                                 3                0
 411 MOV                                24                0
 466 NOP                                 3                0
 597 POP                                 6                0
 651 PUSH                                6                0
 718 RET_NEAR                            3                0
 795 SUB                                 3                0
 809 TEST                                3                0
3000 *total                             66                0
3002 *stack-read                         9                0
3003 *stack-write                       15                0
3004 *iprel-read                         3                0
3005 *iprel-write                        3                0
3014 *mem-read-8                        12                0
3534 *mem-write-8                       15                0
#
#
# $dynamic-counts
#
#     opcode       count-unpredicated    count-predicated
#
   8 ADD                          12907767                0
  15 ADD_LOCK                            3                0
  23 AND                           5029847                0
  55 BSF                               377                0
  56 BSR                                 3                0
  58 BT                             131180                0
  67 CALL_NEAR                     1053831                0
  70 CDQE                           704805                0
  84 CMOVB                              53                0
  85 CMOVBE                            192                0
  89 CMOVNBE                            27                0
  94 CMOVNS                              1                0
  95 CMOVNZ                         131461                0
  98 CMOVS                              87                0
  99 CMOVZ                             251                0
 100 CMP                          27554050                0
 103 CMPSB                              10                0
 109 CMPXCHG                        131169                0
 114 CMPXCHG_LOCK                        6                0
 117 CPUID                              25                0
 118 CQO                                 1                0
 146 DEC                            131169                0
 147 DEC_LOCK                            2                0
 148 DIV                               118                0
 256 FXRSTOR                             7                0
 258 FXSAVE                              7                0
 272 IDIV                                1                0
 273 IMUL                          1006109                0
 297 JB                              69728                0
 298 JBE                           2802255                0
 301 JL                            1696220                0
 302 JLE                               984                0
 303 JMP                           3290470                0
 305 JNB                           3935514                0
 306 JNBE                          2975932                0
 307 JNL                           1268298                0
 308 JNLE                             8504                0
 311 JNS                            262250                0
 312 JNZ                           9419597                0
 316 JS                                611                0
 317 JZ                           20395872                0
 374 LEA                          15210545                0
 375 LEAVE                               6                0
 411 MOV                          61893627                0
 413 MOVAPS                         391326                0
 415 MOVD                              196                0
 420 MOVDQA                            362                0
 421 MOVDQU                         131378                0
 423 MOVHPD                            282                0
 426 MOVLPD                            282                0
 448 MOVSX                          262337                0
 449 MOVSXD                        4418686                0
 451 MOVUPS                         131387                0
 452 MOVZX                        14083963                0
 456 MUL                               286                0
 464 NEG                               112                0
 466 NOP                           1973535                0
 475 NOT                                22                0
 477 OR                             393765                0
 510 PCMPEQB                           870                0
 573 PMINUB                             19                0
 576 PMOVMSKB                          467                0
 597 POP                           3552970                0
 604 POR                               223                0
 615 PSHUFD                            196                0
 623 PSLLDQ                             56                0
 629 PSRLDQ                             20                0
 632 PSUBB                             200                0
 647 PUNPCKLBW                         196                0
 650 PUNPCKLWD                         196                0
 651 PUSH                          3554154                0
 657 PXOR                              475                0
 672 RDTSC                               8                0
 718 RET_NEAR                      1053827                0
 719 ROL                                12                0
 720 ROR                                 1                0
 732 SAR                              2499                0
 735 SBB                                 3                0
 741 SETB                                2                0
 742 SETBE                              73                0
 746 SETNBE                             16                0
 748 SETNLE                        1006060                0
 752 SETNZ                              57                0
 757 SETZ                           262433                0
 767 SHL                            969116                0
 770 SHR                              2168                0
 792 STOSQ                             366                0
 795 SUB                           3987378                0
 800 SUB_LOCK                            1                0
 802 SYSCALL                           898                0
 809 TEST                         11174803                0
1562 XADD_LOCK                           6                0
1564 XCHG                               51                0
1568 XOR                           3500894                0
3000 *total                      222871605                0
3001 *mem-atomic                        18                0
3002 *stack-read                  26133301                0
3003 *stack-write                 18788956                0
3004 *iprel-read                   1968710                0
3005 *iprel-write                      518                0
3007 *mem-read-1                   8887074                0
3008 *mem-read-2                   2536037                0
3010 *mem-read-4                  16584317                0
3014 *mem-read-8                  31785369                0
3022 *mem-read-16                   131658                0
3518 *mem-read-512                       7                0
3527 *mem-write-1                  1793116                0
3528 *mem-write-2                       71                0
3530 *mem-write-4                  8769492                0
3534 *mem-write-8                 17167372                0
3542 *mem-write-16                  522629                0
4038 *mem-write-512                      7                0
# $eof
