INSMIX        1.0         0
#
# $static-counts
#
#     opcode       count-unpredicated    count-predicated
#

#
# $rtn-counts rtn[2,_init] at 0x000400610
#
#     opcode       count-unpredicated    count-predicated
#
   8 ADD                                 1                0
 317 JZ                                  1                0
 411 MOV                                 1                0
 466 NOP                                 1                0
 718 RET_NEAR                            1                0
 795 SUB                                 1                0
 809 TEST                                1                0
3000 *total                              7                0
3002 *stack-read                         1                0
3004 *iprel-read                         1                0
3014 *mem-read-8                         2                0
#
#
# $rtn-counts rtn[3,.plt] at 0x000400630
#
#     opcode       count-unpredicated    count-predicated
#
 303 JMP                                 9                0
 651 PUSH                                9                0
3000 *total                             18                0
3003 *stack-write                        9                0
3004 *iprel-read                        18                0
3005 *iprel-write                        9                0
3014 *mem-read-8                        18                0
3534 *mem-write-8                        9                0
#
#
# $rtn-counts rtn[4,free@plt] at 0x000400640
#
#     opcode       count-unpredicated    count-predicated
#
 303 JMP                                 4                0
 651 PUSH                                1                0
3000 *total                              5                0
3003 *stack-write                        1                0
3004 *iprel-read                         3                0
3014 *mem-read-8                         3                0
3534 *mem-write-8                        1                0
#
#
# $rtn-counts rtn[5,putchar@plt] at 0x000400650
#
#     opcode       count-unpredicated    count-predicated
#
 303 JMP                                 3                0
 651 PUSH                                1                0
3000 *total                              4                0
3003 *stack-write                        1                0
3004 *iprel-read                         2                0
3014 *mem-read-8                         2                0
3534 *mem-write-8                        1                0
#
#
# $rtn-counts rtn[6,puts@plt] at 0x000400660
#
#     opcode       count-unpredicated    count-predicated
#
 303 JMP                                 2                0
 651 PUSH                                1                0
3000 *total                              3                0
3003 *stack-write                        1                0
3004 *iprel-read                         1                0
3014 *mem-read-8                         1                0
3534 *mem-write-8                        1                0
#
#
# $rtn-counts rtn[7,printf@plt] at 0x000400670
#
#     opcode       count-unpredicated    count-predicated
#
 303 JMP                                85                0
 651 PUSH                                1                0
3000 *total                             86                0
3003 *stack-write                        1                0
3004 *iprel-read                        84                0
3014 *mem-read-8                        84                0
3534 *mem-write-8                        1                0
#
#
# $rtn-counts rtn[8,memset@plt] at 0x000400680
#
#     opcode       count-unpredicated    count-predicated
#
 303 JMP                                 3                0
 651 PUSH                                1                0
3000 *total                              4                0
3003 *stack-write                        1                0
3004 *iprel-read                         2                0
3014 *mem-read-8                         2                0
3534 *mem-write-8                        1                0
#
#
# $rtn-counts rtn[9,calloc@plt] at 0x000400690
#
#     opcode       count-unpredicated    count-predicated
#
 303 JMP                                10                0
 651 PUSH                                1                0
3000 *total                             11                0
3003 *stack-write                        1                0
3004 *iprel-read                         9                0
3014 *mem-read-8                         9                0
3534 *mem-write-8                        1                0
#
#
# $rtn-counts rtn[10,strtol@plt] at 0x0004006a0
#
#     opcode       count-unpredicated    count-predicated
#
 303 JMP                                 2                0
 651 PUSH                                1                0
3000 *total                              3                0
3003 *stack-write                        1                0
3004 *iprel-read                         1                0
3014 *mem-read-8                         1                0
3534 *mem-write-8                        1                0
#
#
# $rtn-counts rtn[11,memmove@plt] at 0x0004006b0
#
#     opcode       count-unpredicated    count-predicated
#
 303 JMP                                 2                0
 651 PUSH                                1                0
3000 *total                              3                0
3003 *stack-write                        1                0
3004 *iprel-read                         1                0
3014 *mem-read-8                         1                0
3534 *mem-write-8                        1                0
#
#
# $rtn-counts rtn[12,__isoc99_scanf@plt] at 0x0004006c0
#
#     opcode       count-unpredicated    count-predicated
#
 303 JMP                            131074                0
 651 PUSH                                1                0
3000 *total                         131075                0
3003 *stack-write                        1                0
3004 *iprel-read                    131073                0
3014 *mem-read-8                    131073                0
3534 *mem-write-8                        1                0
#
#
# $rtn-counts rtn[14,main] at 0x000400700
#
#     opcode       count-unpredicated    count-predicated
#
   8 ADD                                19                0
  67 CALL_NEAR                          16                0
 100 CMP                                14                0
 302 JLE                                 2                0
 312 JNZ                                13                0
 374 LEA                                 7                0
 411 MOV                                41                0
 449 MOVSXD                              1                0
 466 NOP                                 1                0
 597 POP                                 4                0
 651 PUSH                                4                0
 718 RET_NEAR                            1                0
 795 SUB                                 1                0
 809 TEST                                1                0
1568 XOR                                12                0
3000 *total                            137                0
3002 *stack-read                        10                0
3003 *stack-write                       20                0
3010 *mem-read-4                        14                0
3014 *mem-read-8                         9                0
3534 *mem-write-8                       20                0
#
#
# $rtn-counts rtn[15,_start] at 0x000400890
#
#     opcode       count-unpredicated    count-predicated
#
  23 AND                                 1                0
  67 CALL_NEAR                           1                0
 411 MOV                                 5                0
 466 NOP                                 1                0
 597 POP                                 1                0
 651 PUSH                                2                0
1568 XOR                                 1                0
3000 *total                             12                0
3002 *stack-read                         1                0
3003 *stack-write                        3                0
3004 *iprel-read                         1                0
3005 *iprel-write                        1                0
3014 *mem-read-8                         2                0
3534 *mem-write-8                        3                0
#
#
# $rtn-counts rtn[17,deregister_tm_clones] at 0x0004008d0
#
#     opcode       count-unpredicated    count-predicated
#
 100 CMP                                 1                0
 317 JZ                                  1                0
 411 MOV                                 1                0
 718 RET_NEAR                            1                0
3000 *total                              4                0
3002 *stack-read                         1                0
3014 *mem-read-8                         1                0
#
#
# $rtn-counts rtn[18,register_tm_clones] at 0x000400900
#
#     opcode       count-unpredicated    count-predicated
#
   8 ADD                                 1                0
 317 JZ                                  1                0
 411 MOV                                 2                0
 718 RET_NEAR                            1                0
 732 SAR                                 2                0
 770 SHR                                 1                0
 795 SUB                                 1                0
3000 *total                              9                0
3002 *stack-read                         1                0
3014 *mem-read-8                         1                0
#
#
# $rtn-counts rtn[19,__do_global_dtors_aux] at 0x000400940
#
#     opcode       count-unpredicated    count-predicated
#
  67 CALL_NEAR                           1                0
 100 CMP                                 1                0
 312 JNZ                                 1                0
 411 MOV                                 2                0
 466 NOP                                 1                0
 597 POP                                 1                0
 651 PUSH                                1                0
 718 RET_NEAR                            1                0
3000 *total                              9                0
3002 *stack-read                         2                0
3003 *stack-write                        2                0
3004 *iprel-read                         1                0
3005 *iprel-write                        1                0
3007 *mem-read-1                         1                0
3014 *mem-read-8                         2                0
3527 *mem-write-1                        1                0
3534 *mem-write-8                        2                0
#
#
# $rtn-counts rtn[20,frame_dummy] at 0x000400970
#
#     opcode       count-unpredicated    count-predicated
#
 303 JMP                                 1                0
 466 NOP                                 1                0
3000 *total                              2                0
#
#
# $rtn-counts rtn[21,read_edge_list] at 0x000400980
#
#     opcode       count-unpredicated    count-predicated
#
   8 ADD                            131072                0
  67 CALL_NEAR                      131075                0
 100 CMP                            262144                0
 317 JZ                             262144                0
 374 LEA                            262147                0
 411 MOV                            917513                0
 597 POP                                 3                0
 651 PUSH                                3                0
 718 RET_NEAR                            1                0
 795 SUB                                 1                0
1568 XOR                            131074                0
3000 *total                        2097177                0
3002 *stack-read                    393220                0
3003 *stack-write                   131079                0
3010 *mem-read-4                    262144                0
3014 *mem-read-8                    262148                0
3530 *mem-write-4                   262144                0
3534 *mem-write-8                   131080                0
#
#
# $rtn-counts rtn[22,graph_from_edge_list] at 0x000400a50
#
#     opcode       count-unpredicated    count-predicated
#
   8 ADD                            442372                0
  67 CALL_NEAR                           4                0
 100 CMP                            303105                0
 298 JBE                                 1                0
 302 JLE                                 4                0
 308 JNLE                           139264                0
 312 JNZ                            163840                0
 317 JZ                                  1                0
 374 LEA                            262151                0
 411 MOV                            401431                0
 415 MOVD                                1                0
 420 MOVDQA                          98308                0
 421 MOVDQU                          65536                0
 449 MOVSXD                         393220                0
 464 NEG                                 1                0
 466 NOP                                 6                0
 501 PAND                            65538                0
 502 PANDN                           65538                0
 517 PCMPGTD                         65538                0
 597 POP                                 6                0
 604 POR                             65538                0
 629 PSRLDQ                              2                0
 651 PUSH                                6                0
 657 PXOR                                1                0
 718 RET_NEAR                            1                0
 767 SHL                                 2                0
 770 SHR                                 1                0
 795 SUB                                 1                0
 809 TEST                                5                0
1568 XOR                                 3                0
3000 *total                        2531425                0
3002 *stack-read                         9                0
3003 *stack-write                       15                0
3010 *mem-read-4                    663553                0
3014 *mem-read-8                         9                0
3022 *mem-read-16                    65536                0
3530 *mem-write-4                   401411                0
3534 *mem-write-8                       14                0
#
#
# $rtn-counts rtn[23,print_CSR_graph] at 0x000400cc0
#
#     opcode       count-unpredicated    count-predicated
#
   8 ADD                                71                0
  67 CALL_NEAR                          77                0
  87 CMOVLE                              2                0
 100 CMP                                75                0
 301 JL                                  2                0
 302 JLE                                 1                0
 303 JMP                                 2                0
 307 JNL                                21                0
 308 JNLE                               50                0
 316 JS                                  1                0
 411 MOV                               229                0
 466 NOP                                 1                0
 597 POP                                 3                0
 651 PUSH                                3                0
 809 TEST                                2                0
1568 XOR                                78                0
3000 *total                            618                0
3002 *stack-read                        78                0
3003 *stack-write                       80                0
3010 *mem-read-4                        77                0
3014 *mem-read-8                        74                0
3534 *mem-write-8                       80                0
#
#
# $rtn-counts rtn[24,bfs] at 0x000400dc0
#
#     opcode       count-unpredicated    count-predicated
#
   8 ADD                            141240                0
  67 CALL_NEAR                           6                0
 100 CMP                            271074                0
 302 JLE                              5699                0
 303 JMP                              5687                0
 307 JNL                              5692                0
 308 JNLE                           129851                0
 312 JNZ                            129845                0
 374 LEA                             11398                0
 411 MOV                             57983                0
 449 MOVSXD                         146928                0
 466 NOP                             14725                0
 597 POP                                 6                0
 651 PUSH                                6                0
 795 SUB                                 1                0
 809 TEST                               13                0
1568 XOR                                 8                0
3000 *total                         920162                0
3002 *stack-read                     14744                0
3003 *stack-write                     9839                0
3010 *mem-read-4                    412322                0
3014 *mem-read-8                     19651                0
3530 *mem-write-4                    22781                0
3534 *mem-write-8                     9833                0
#
#
# $rtn-counts rtn[25,__libc_csu_init] at 0x000400f80
#
#     opcode       count-unpredicated    count-predicated
#
   8 ADD                                 2                0
  67 CALL_NEAR                           2                0
 100 CMP                                 1                0
 312 JNZ                                 1                0
 317 JZ                                  1                0
 374 LEA                                 2                0
 411 MOV                                 6                0
 466 NOP                                 2                0
 597 POP                                 6                0
 651 PUSH                                6                0
 718 RET_NEAR                            1                0
 732 SAR                                 1                0
 795 SUB                                 2                0
1568 XOR                                 1                0
3000 *total                             34                0
3002 *stack-read                         7                0
3003 *stack-write                        8                0
3014 *mem-read-8                         8                0
3534 *mem-write-8                        8                0
#
#
# $rtn-counts rtn[27,_fini] at 0x000400ff8
#
#     opcode       count-unpredicated    count-predicated
#
   8 ADD                                 1                0
 466 NOP                                 1                0
 718 RET_NEAR                            1                0
 795 SUB                                 1                0
3000 *total                              4                0
3002 *stack-read                         1                0
3014 *mem-read-8                         1                0
#
#
# $rtn-counts rtn[325,.plt.sec] at 0x7fe11d741900
#
#     opcode       count-unpredicated    count-predicated
#
 303 JMP                               388                0
 466 NOP                               388                0
3000 *total                            776                0
3004 *iprel-read                       388                0
3014 *mem-read-8                       388                0
#
#
# $rtn-counts rtn[413,check_stdfiles_vtables] at 0x7fe11d743240
#
#     opcode       count-unpredicated    count-predicated
#
 100 CMP                                 3                0
 312 JNZ                                 2                0
 317 JZ                                  1                0
 374 LEA                                 1                0
 411 MOV                                 3                0
 466 NOP                                 1                0
 718 RET_NEAR                            1                0
3000 *total                             12                0
3002 *stack-read                         1                0
3004 *iprel-read                         3                0
3014 *mem-read-8                         7                0
#
#
# $rtn-counts rtn[421,__sigsetjmp] at 0x7fe11d743390
#
#     opcode       count-unpredicated    count-predicated
#
 303 JMP                                 1                0
 317 JZ                                  1                0
 374 LEA                                 1                0
 411 MOV                                10                0
 466 NOP                                 2                0
 719 ROL                                 3                0
 809 TEST                                1                0
1568 XOR                                 3                0
3000 *total                             22                0
3002 *stack-read                         1                0
3010 *mem-read-4                         1                0
3014 *mem-read-8                         4                0
3534 *mem-write-8                        8                0
#
#
# $rtn-counts rtn[423,_setjmp] at 0x7fe11d743420
#
#     opcode       count-unpredicated    count-predicated
#
 303 JMP                                 1                0
 466 NOP                                 1                0
1568 XOR                                 1                0
3000 *total                              3                0
#
#
# $rtn-counts rtn[447,__mempcpy_sse2_unaligned] at 0x7fe11d744990
#
#     opcode       count-unpredicated    count-predicated
#
   8 ADD                               191                0
 303 JMP                               191                0
 411 MOV                               191                0
 466 NOP                               191                0
3000 *total                            764                0
#
#
# $rtn-counts rtn[449,memcpy] at 0x7fe11d7449b0
#
#     opcode       count-unpredicated    count-predicated
#
 100 CMP                               195                0
 297 JB                                192                0
 306 JNBE                                3                0
 411 MOV                                 1                0
 451 MOVUPS                              4                0
 466 NOP                                 1                0
 718 RET_NEAR                            1                0
3000 *total                            397                0
3002 *stack-read                         1                0
3014 *mem-read-8                         1                0
3022 *mem-read-16                        2                0
3542 *mem-write-16                       2                0
#
#
# $rtn-counts rtn[457,__memcpy_sse2_unaligned_erms] at 0x7fe11d744a90
#
#     opcode       count-unpredicated    count-predicated
#
   8 ADD                              1533                0
  23 AND                                 1                0
 100 CMP                              1001                0
 297 JB                                 92                0
 298 JBE                                 1                0
 305 JNB                               366                0
 306 JNBE                              634                0
 374 LEA                                 2                0
 411 MOV                               428                0
 413 MOVAPS                           2044                0
 451 MOVUPS                           2062                0
 452 MOVZX                             146                0
 466 NOP                                 1                0
 718 RET_NEAR                          191                0
 795 SUB                                 3                0
3000 *total                           8505                0
3002 *stack-read                       191                0
3004 *iprel-read                         1                0
3007 *mem-read-1                        92                0
3008 *mem-read-2                        54                0
3010 *mem-read-4                       116                0
3014 *mem-read-8                       216                0
3022 *mem-read-16                     2053                0
3527 *mem-write-1                       92                0
3528 *mem-write-2                       54                0
3530 *mem-write-4                      116                0
3534 *mem-write-8                       24                0
3542 *mem-write-16                    2053                0
#
#
# $rtn-counts rtn[463,__memset_sse2_unaligned] at 0x7fe11d745470
#
#     opcode       count-unpredicated    count-predicated
#
 100 CMP                                16                0
 297 JB                                  8                0
 306 JNBE                                8                0
 411 MOV                                 8                0
 415 MOVD                                8                0
 466 NOP                                 8                0
 615 PSHUFD                              8                0
 647 PUNPCKLBW                           8                0
 650 PUNPCKLWD                           8                0
3000 *total                             80                0
#
#
# $rtn-counts rtn[468,__memset_sse2_unaligned_erms] at 0x7fe11d745540
#
#     opcode       count-unpredicated    count-predicated
#
   8 ADD                                16                0
  23 AND                                 8                0
 100 CMP                             66064                0
 297 JB                              66048                0
 298 JBE                                16                0
 374 LEA                                 8                0
 413 MOVAPS                         264192                0
 451 MOVUPS                             64                0
 466 NOP                                 8                0
 718 RET_NEAR                            8                0
 795 SUB                             66048                0
3000 *total                         462480                0
3002 *stack-read                         8                0
3014 *mem-read-8                         8                0
3542 *mem-write-16                  264256                0
#
#
# $rtn-counts rtn[479,__strchrnul_sse2] at 0x7fe11d74b890
#
#     opcode       count-unpredicated    count-predicated
#
  23 AND                               173                0
  55 BSF                               173                0
 100 CMP                               173                0
 308 JNLE                              173                0
 312 JNZ                                 2                0
 317 JZ                                173                0
 374 LEA                               173                0
 411 MOV                               173                0
 415 MOVD                              173                0
 420 MOVDQA                            177                0
 421 MOVDQU                            179                0
 466 NOP                               173                0
 477 OR                                  4                0
 510 PCMPEQB                           358                0
 576 PMOVMSKB                          179                0
 604 POR                               179                0
 615 PSHUFD                            173                0
 647 PUNPCKLBW                         173                0
 650 PUNPCKLWD                         173                0
 657 PXOR                              173                0
 718 RET_NEAR                          173                0
 767 SHL                                 6                0
 809 TEST                              175                0
3000 *total                           3681                0
3002 *stack-read                       173                0
3014 *mem-read-8                       173                0
3022 *mem-read-16                      179                0
#
#
# $rtn-counts rtn[484,__strlen_sse2] at 0x7fe11d74d8c0
#
#     opcode       count-unpredicated    count-predicated
#
  23 AND                                 1                0
  55 BSF                                 1                0
 100 CMP                                 1                0
 306 JNBE                                1                0
 317 JZ                                  1                0
 411 MOV                                 2                0
 421 MOVDQU                              1                0
 466 NOP                                 1                0
 510 PCMPEQB                             1                0
 576 PMOVMSKB                            1                0
 657 PXOR                                4                0
 718 RET_NEAR                            1                0
 809 TEST                                1                0
3000 *total                             17                0
3002 *stack-read                         1                0
3014 *mem-read-8                         1                0
3022 *mem-read-16                        1                0
#
#
# $rtn-counts rtn[492,__strrchr_sse2] at 0x7fe11d756540
#
#     opcode       count-unpredicated    count-predicated
#
   8 ADD                                 1                0
  23 AND                                 2                0
  56 BSR                                 1                0
 100 CMP                                 1                0
 306 JNBE                                1                0
 317 JZ                                  2                0
 374 LEA                                 1                0
 411 MOV                                 1                0
 415 MOVD                                1                0
 451 MOVUPS                              1                0
 466 NOP                                 1                0
 510 PCMPEQB                             2                0
 576 PMOVMSKB                            2                0
 615 PSHUFD                              1                0
 647 PUNPCKLBW                           1                0
 650 PUNPCKLWD                           1                0
 657 PXOR                                1                0
 718 RET_NEAR                            1                0
 809 TEST                                1                0
1568 XOR                                 1                0
3000 *total                             24                0
3002 *stack-read                         1                0
3014 *mem-read-8                         1                0
3022 *mem-read-16                        1                0
#
#
# $rtn-counts rtn[574,__munmap] at 0x7fe11d759440
#
#     opcode       count-unpredicated    count-predicated
#
 100 CMP                                 2                0
 305 JNB                                 2                0
 411 MOV                                 2                0
 466 NOP                                 2                0
 718 RET_NEAR                            2                0
 802 SYSCALL                             2                0
3000 *total                             12                0
3002 *stack-read                         2                0
3014 *mem-read-8                         2                0
#
#
# $rtn-counts rtn[661,_init] at 0x7fe11d75a570
#
#     opcode       count-unpredicated    count-predicated
#
   8 ADD                                 9                0
  23 AND                                 5                0
  67 CALL_NEAR                           3                0
  99 CMOVZ                               1                0
 100 CMP                                 2                0
 303 JMP                                 3                0
 312 JNZ                                 2                0
 317 JZ                                  6                0
 374 LEA                                 5                0
 411 MOV                                31                0
 452 MOVZX                               7                0
 466 NOP                                 1                0
 597 POP                                 4                0
 651 PUSH                                4                0
 718 RET_NEAR                            1                0
 719 ROL                                 2                0
 767 SHL                                 4                0
 770 SHR                                 4                0
 795 SUB                                 1                0
 809 TEST                                7                0
1568 XOR                                 6                0
3000 *total                            108                0
3002 *stack-read                         5                0
3003 *stack-write                       10                0
3004 *iprel-read                         4                0
3005 *iprel-write                        5                0
3007 *mem-read-1                         3                0
3008 *mem-read-2                         2                0
3010 *mem-read-4                         1                0
3014 *mem-read-8                        11                0
3530 *mem-write-4                        2                0
3534 *mem-write-8                       14                0
#
#
# $rtn-counts rtn[662,__libc_start_main] at 0x7fe11d75a700
#
#     opcode       count-unpredicated    count-predicated
#
  23 AND                                 1                0
  67 CALL_NEAR                           6                0
 312 JNZ                                 3                0
 317 JZ                                  3                0
 374 LEA                                 2                0
 411 MOV                                27                0
 466 NOP                                 2                0
 651 PUSH                                2                0
 757 SETZ                                1                0
 795 SUB                                 1                0
 809 TEST                                6                0
1568 XOR                                 4                0
3000 *total                             58                0
3002 *stack-read                         5                0
3003 *stack-write                       13                0
3004 *iprel-read                         5                0
3005 *iprel-write                        1                0
3010 *mem-read-4                         4                0
3014 *mem-read-8                        13                0
3530 *mem-write-4                        2                0
3534 *mem-write-8                       13                0
#
#
# $rtn-counts rtn[846,__sigjmp_save] at 0x7fe11d76e210
#
#     opcode       count-unpredicated    count-predicated
#
 312 JNZ                                 1                0
 411 MOV                                 2                0
 466 NOP                                 1                0
 597 POP                                 1                0
 651 PUSH                                1                0
 718 RET_NEAR                            1                0
 809 TEST                                1                0
1568 XOR                                 1                0
3000 *total                              9                0
3002 *stack-read                         2                0
3003 *stack-write                        1                0
3014 *mem-read-8                         2                0
3530 *mem-write-4                        1                0
3534 *mem-write-8                        1                0
#
#
# $rtn-counts rtn[910,__run_exit_handlers] at 0x7fe11d770b90
#
#     opcode       count-unpredicated    count-predicated
#
   8 ADD                                 2                0
  67 CALL_NEAR                           4                0
 100 CMP                                12                0
 109 CMPXCHG                             3                0
 146 DEC                                 3                0
 303 JMP                                 4                0
 305 JNB                                 1                0
 312 JNZ                                 6                0
 317 JZ                                 17                0
 374 LEA                                 6                0
 411 MOV                                23                0
 466 NOP                                 3                0
 651 PUSH                                6                0
 720 ROR                                 1                0
 767 SHL                                 1                0
 770 SHR                                 1                0
 795 SUB                                 2                0
 809 TEST                                6                0
1568 XOR                                 4                0
3000 *total                            105                0
3002 *stack-read                         1                0
3003 *stack-write                       11                0
3004 *iprel-read                         8                0
3005 *iprel-write                        1                0
3007 *mem-read-1                         1                0
3010 *mem-read-4                        12                0
3014 *mem-read-8                        12                0
3527 *mem-write-1                        1                0
3530 *mem-write-4                        7                0
3534 *mem-write-8                       13                0
#
#
# $rtn-counts rtn[911,exit] at 0x7fe11d770de0
#
#     opcode       count-unpredicated    count-predicated
#
  67 CALL_NEAR                           1                0
 374 LEA                                 1                0
 411 MOV                                 2                0
 466 NOP                                 1                0
 597 POP                                 1                0
 651 PUSH                                1                0
 795 SUB                                 1                0
3000 *total                              8                0
3002 *stack-read                         1                0
3003 *stack-write                        2                0
3014 *mem-read-8                         1                0
3534 *mem-write-8                        2                0
#
#
# $rtn-counts rtn[913,__new_exitfn] at 0x7fe11d770ee0
#
#     opcode       count-unpredicated    count-predicated
#
   8 ADD                                 2                0
 100 CMP                                 1                0
 303 JMP                                 1                0
 312 JNZ                                 1                0
 317 JZ                                  3                0
 374 LEA                                 1                0
 411 MOV                                 9                0
 466 NOP                                 2                0
 597 POP                                 2                0
 651 PUSH                                2                0
 718 RET_NEAR                            1                0
 795 SUB                                 1                0
 809 TEST                                3                0
1568 XOR                                 1                0
3000 *total                             30                0
3002 *stack-read                         3                0
3003 *stack-write                        2                0
3004 *iprel-read                         2                0
3005 *iprel-write                        1                0
3007 *mem-read-1                         1                0
3014 *mem-read-8                         7                0
3534 *mem-write-8                        6                0
#
#
# $rtn-counts rtn[914,__internal_atexit] at 0x7fe11d771000
#
#     opcode       count-unpredicated    count-predicated
#
   8 ADD                                 1                0
  67 CALL_NEAR                           1                0
 100 CMP                                 2                0
 109 CMPXCHG                             1                0
 146 DEC                                 1                0
 317 JZ                                  5                0
 374 LEA                                 1                0
 411 MOV                                10                0
 466 NOP                                 1                0
 597 POP                                 4                0
 651 PUSH                                4                0
 718 RET_NEAR                            1                0
 719 ROL                                 1                0
 795 SUB                                 1                0
 809 TEST                                1                0
1568 XOR                                 3                0
3000 *total                             38                0
3002 *stack-read                         5                0
3003 *stack-write                        5                0
3004 *iprel-read                         2                0
3010 *mem-read-4                         4                0
3014 *mem-read-8                         6                0
3530 *mem-write-4                        2                0
3534 *mem-write-8                        9                0
#
#
# $rtn-counts rtn[915,__cxa_atexit] at 0x7fe11d7710f0
#
#     opcode       count-unpredicated    count-predicated
#
 303 JMP                                 1                0
 374 LEA                                 1                0
 466 NOP                                 1                0
3000 *total                              3                0
#
#
# $rtn-counts rtn[921,__call_tls_dtors] at 0x7fe11d771440
#
#     opcode       count-unpredicated    count-predicated
#
   8 ADD                                 1                0
 317 JZ                                  1                0
 411 MOV                                 2                0
 466 NOP                                 1                0
 597 POP                                 2                0
 651 PUSH                                2                0
 718 RET_NEAR                            1                0
 795 SUB                                 1                0
 809 TEST                                1                0
3000 *total                             12                0
3002 *stack-read                         4                0
3003 *stack-write                        2                0
3004 *iprel-read                         1                0
3014 *mem-read-8                         5                0
3534 *mem-write-8                        2                0
#
#
# $rtn-counts rtn[962,getrandom] at 0x7fe11d7723a0
#
#     opcode       count-unpredicated    count-predicated
#
 100 CMP                                 1                0
 306 JNBE                                1                0
 312 JNZ                                 1                0
 374 LEA                                 1                0
 411 MOV                                 2                0
 466 NOP                                 1                0
 718 RET_NEAR                            1                0
 802 SYSCALL                             1                0
 809 TEST                                1                0
3000 *total                             10                0
3002 *stack-read                         1                0
3010 *mem-read-4                         1                0
3014 *mem-read-8                         1                0
#
#
# $rtn-counts rtn[967,__strtoll_internal] at 0x7fe11d772c10
#
#     opcode       count-unpredicated    count-predicated
#
 303 JMP                            262144                0
 411 MOV                            524288                0
 466 NOP                            262144                0
3000 *total                        1048576                0
3004 *iprel-read                    262144                0
3014 *mem-read-8                    524288                0
#
#
# $rtn-counts rtn[968,strtol] at 0x7fe11d772c30
#
#     opcode       count-unpredicated    count-predicated
#
 303 JMP                                 1                0
 411 MOV                                 2                0
 466 NOP                                 1                0
1568 XOR                                 1                0
3000 *total                              5                0
3004 *iprel-read                         1                0
3014 *mem-read-8                         2                0
#
#
# $rtn-counts rtn[971,____strtol_l_internal] at 0x7fe11d772c90
#
#     opcode       count-unpredicated    count-predicated
#
   8 ADD                           1530350                0
  70 CDQE                                9                0
 100 CMP                           6121391                0
 273 IMUL                          1006060                0
 298 JBE                           2012120                0
 303 JMP                            262154                0
 306 JNBE                           262145                0
 307 JNL                           1006060                0
 311 JNS                            262145                0
 312 JNZ                           1792477                0
 317 JZ                            5157851                0
 374 LEA                           2274292                0
 411 MOV                           5200379                0
 448 MOVSX                          262145                0
 449 MOVSXD                         262145                0
 452 MOVZX                         3804615                0
 466 NOP                            262145                0
 597 POP                           1572870                0
 651 PUSH                          1572870                0
 718 RET_NEAR                       262145                0
 757 SETZ                           262145                0
 795 SUB                            262145                0
 809 TEST                          3627492                0
1568 XOR                           1310734                0
3000 *total                       40348884                0
3002 *stack-read                   2359305                0
3003 *stack-write                  2621450                0
3004 *iprel-read                    524290                0
3007 *mem-read-1                   1792504                0
3010 *mem-read-4                    262145                0
3014 *mem-read-8                   2883604                0
3527 *mem-write-1                   262145                0
3530 *mem-write-4                   262145                0
3534 *mem-write-8                  2359304                0
#
#
# $rtn-counts rtn[1057,_itoa_word] at 0x7fe11d783600
#
#     opcode       count-unpredicated    count-predicated
#
   8 ADD                               284                0
  99 CMOVZ                              89                0
 100 CMP                               373                0
 303 JMP                                89                0
 306 JNBE                              284                0
 317 JZ                                 89                0
 374 LEA                               462                0
 411 MOV                              1225                0
 452 MOVZX                             284                0
 456 MUL                               284                0
 466 NOP                                89                0
 718 RET_NEAR                           89                0
 770 SHR                               284                0
 795 SUB                               568                0
 809 TEST                               89                0
3000 *total                           4582                0
3002 *stack-read                        89                0
3007 *mem-read-1                       284                0
3014 *mem-read-8                        89                0
3527 *mem-write-1                      284                0
#
#
# $rtn-counts rtn[1066,vfprintf] at 0x7fe11d786430
#
#     opcode       count-unpredicated    count-predicated
#
   8 ADD                               791                0
  23 AND                               255                0
  67 CALL_NEAR                         524                0
  70 CDQE                               89                0
  95 CMOVNZ                            262                0
  98 CMOVS                              87                0
 100 CMP                              2689                0
 109 CMPXCHG                            84                0
 146 DEC                                84                0
 297 JB                                178                0
 298 JBE                               351                0
 302 JLE                                89                0
 303 JMP                               698                0
 306 JNBE                               89                0
 307 JNL                                89                0
 308 JNLE                               89                0
 311 JNS                                89                0
 312 JNZ                              2229                0
 316 JS                                529                0
 317 JZ                               1380                0
 374 LEA                              1236                0
 411 MOV                              9589                0
 421 MOVDQU                             84                0
 448 MOVSX                              89                0
 449 MOVSXD                            618                0
 451 MOVUPS                             84                0
 452 MOVZX                             265                0
 466 NOP                               253                0
 477 OR                                178                0
 597 POP                               504                0
 651 PUSH                              504                0
 718 RET_NEAR                           84                0
 757 SETZ                               89                0
 770 SHR                                84                0
 795 SUB                              1128                0
 809 TEST                             2003                0
1568 XOR                              1055                0
3000 *total                          28522                0
3002 *stack-read                      3387                0
3003 *stack-write                     3953                0
3004 *iprel-read                       660                0
3007 *mem-read-1                       527                0
3010 *mem-read-4                      1987                0
3014 *mem-read-8                      4024                0
3022 *mem-read-16                       84                0
3527 *mem-write-1                       89                0
3530 *mem-write-4                     1639                0
3534 *mem-write-8                     2735                0
3542 *mem-write-16                      84                0
#
#
# $rtn-counts rtn[1086,_IO_printf] at 0x7fe11d78e8b0
#
#     opcode       count-unpredicated    count-predicated
#
   8 ADD                                84                0
  67 CALL_NEAR                          84                0
 312 JNZ                                84                0
 317 JZ                                 84                0
 374 LEA                               168                0
 411 MOV                              1344                0
 466 NOP                                84                0
 718 RET_NEAR                           84                0
 795 SUB                                84                0
 809 TEST                               84                0
1568 XOR                               168                0
3000 *total                           2352                0
3002 *stack-read                       168                0
3003 *stack-write                      924                0
3004 *iprel-read                        84                0
3014 *mem-read-8                       504                0
3530 *mem-write-4                      168                0
3534 *mem-write-8                      756                0
#
#
# $rtn-counts rtn[1102,_IO_vfscanf] at 0x7fe11d794570
#
#     opcode       count-unpredicated    count-predicated
#
   8 ADD                           8037915                0
  23 AND                           4236823                0
  58 BT                             131073                0
  67 CALL_NEAR                      787233                0
  95 CMOVNZ                         131074                0
 100 CMP                          18662565                0
 298 JBE                            262145                0
 301 JL                            1006050                0
 303 JMP                           1966096                0
 305 JNB                           3932162                0
 306 JNBE                          2709991                0
 312 JNZ                           7079475                0
 317 JZ                           13635012                0
 374 LEA                          11012762                0
 411 MOV                          41994554                0
 413 MOVAPS                         131073                0
 421 MOVDQU                         131073                0
 449 MOVSXD                        3057175                0
 451 MOVUPS                         131073                0
 452 MOVZX                         9741856                0
 466 NOP                            786434                0
 477 OR                             262145                0
 597 POP                            786438                0
 651 PUSH                           786438                0
 718 RET_NEAR                       131073                0
 748 SETNLE                        1006059                0
 795 SUB                           2317575                0
 809 TEST                          7255793                0
1568 XOR                           1792496                0
3000 *total                      143901631                0
3002 *stack-read                  15952051                0
3003 *stack-write                 12279353                0
3004 *iprel-read                    655365                0
3007 *mem-read-1                   6553600                0
3008 *mem-read-2                   2532886                0
3010 *mem-read-4                   9090259                0
3014 *mem-read-8                  20535843                0
3022 *mem-read-16                   131073                0
3527 *mem-write-1                  1530348                0
3530 *mem-write-4                  5112079                0
3534 *mem-write-8                 11491853                0
3542 *mem-write-16                  262146                0
#
#
# $rtn-counts rtn[1134,__isoc99_scanf] at 0x7fe11d7a38d0
#
#     opcode       count-unpredicated    count-predicated
#
   8 ADD                            262146                0
  23 AND                            262146                0
  67 CALL_NEAR                      131073                0
 100 CMP                            393219                0
 109 CMPXCHG                        131073                0
 146 DEC                            131073                0
 303 JMP                            131073                0
 312 JNZ                            393219                0
 317 JZ                             917511                0
 374 LEA                            262146                0
 411 MOV                           3932190                0
 466 NOP                            131073                0
 477 OR                             131073                0
 597 POP                            131073                0
 651 PUSH                           131073                0
 718 RET_NEAR                       131073                0
 795 SUB                            262146                0
 809 TEST                           262146                0
1568 XOR                            393219                0
3000 *total                        8519745                0
3002 *stack-read                    393219                0
3003 *stack-write                  1572876                0
3004 *iprel-read                    393219                0
3010 *mem-read-4                   1310730                0
3014 *mem-read-8                   1835022                0
3530 *mem-write-4                  1048584                0
3534 *mem-write-8                  1572876                0
#
#
# $rtn-counts rtn[1149,_IO_file_doallocate] at 0x7fe11d7a5700
#
#     opcode       count-unpredicated    count-predicated
#
   8 ADD                                 2                0
  23 AND                                 4                0
  67 CALL_NEAR                           6                0
 100 CMP                                 7                0
 298 JBE                                 2                0
 303 JMP                                 1                0
 306 JNBE                                3                0
 312 JNZ                                 2                0
 316 JS                                  4                0
 317 JZ                                  4                0
 374 LEA                                 8                0
 411 MOV                                36                0
 466 NOP                                 2                0
 477 OR                                  2                0
 597 POP                                 6                0
 651 PUSH                                6                0
 718 RET_NEAR                            2                0
 770 SHR                                 2                0
 795 SUB                                 7                0
 809 TEST                                6                0
1568 XOR                                 4                0
3000 *total                            116                0
3002 *stack-read                        16                0
3003 *stack-write                       15                0
3010 *mem-read-4                         5                0
3014 *mem-read-8                        21                0
3530 *mem-write-4                        1                0
3534 *mem-write-8                       14                0
#
#
# $rtn-counts rtn[1183,_IO_puts] at 0x7fe11d7a7be0
#
#     opcode       count-unpredicated    count-predicated
#
   8 ADD                                 3                0
  23 AND                                 1                0
  67 CALL_NEAR                           3                0
  89 CMOVNBE                             1                0
 100 CMP                                 9                0
 109 CMPXCHG                             1                0
 146 DEC                                 1                0
 298 JBE                                 1                0
 305 JNB                                 1                0
 312 JNZ                                 6                0
 317 JZ                                  6                0
 374 LEA                                 2                0
 411 MOV                                23                0
 466 NOP                                 1                0
 597 POP                                 4                0
 651 PUSH                                4                0
 718 RET_NEAR                            1                0
 795 SUB                                 4                0
 809 TEST                                2                0
3000 *total                             74                0
3002 *stack-read                        10                0
3003 *stack-write                        7                0
3004 *iprel-read                         5                0
3010 *mem-read-4                         9                0
3014 *mem-read-8                        17                0
3530 *mem-write-4                        4                0
3534 *mem-write-8                        9                0
#
#
# $rtn-counts rtn[1211,putchar] at 0x7fe11d7a95c0
#
#     opcode       count-unpredicated    count-predicated
#
   8 ADD                                 2                0
  23 AND                                 2                0
  67 CALL_NEAR                           2                0
 100 CMP                                 8                0
 109 CMPXCHG                             2                0
 146 DEC                                 2                0
 303 JMP                                 2                0
 305 JNB                                 2                0
 312 JNZ                                 6                0
 317 JZ                                 10                0
 411 MOV                                30                0
 452 MOVZX                               2                0
 466 NOP                                 2                0
 597 POP                                 2                0
 651 PUSH                                2                0
 718 RET_NEAR                            2                0
 795 SUB                                 2                0
 809 TEST                                2                0
3000 *total                             82                0
3002 *stack-read                         4                0
3003 *stack-write                        4                0
3004 *iprel-read                         8                0
3010 *mem-read-4                        16                0
3014 *mem-read-8                        22                0
3530 *mem-write-4                        8                0
3534 *mem-write-8                        8                0
#
#
# $rtn-counts rtn[1341,_IO_file_sync] at 0x7fe11d7b0680
#
#     opcode       count-unpredicated    count-predicated
#
   8 ADD                                 2                0
 100 CMP                                 2                0
 298 JBE                                 2                0
 317 JZ                                  2                0
 411 MOV                                10                0
 466 NOP                                 2                0
 597 POP                                 4                0
 651 PUSH                                4                0
 718 RET_NEAR                            2                0
 795 SUB                                 4                0
1568 XOR                                 2                0
3000 *total                             36                0
3002 *stack-read                         6                0
3003 *stack-write                        4                0
3014 *mem-read-8                        14                0
3534 *mem-write-8                        6                0
#
#
# $rtn-counts rtn[1343,_IO_file_setbuf] at 0x7fe11d7b0780
#
#     opcode       count-unpredicated    count-predicated
#
  67 CALL_NEAR                           2                0
 317 JZ                                  2                0
 411 MOV                                18                0
 466 NOP                                 2                0
 597 POP                                 2                0
 651 PUSH                                2                0
 718 RET_NEAR                            2                0
 809 TEST                                2                0
3000 *total                             32                0
3002 *stack-read                         4                0
3003 *stack-write                        4                0
3014 *mem-read-8                         6                0
3534 *mem-write-8                       16                0
#
#
# $rtn-counts rtn[1345,new_do_write] at 0x7fe11d7b0830
#
#     opcode       count-unpredicated    count-predicated
#
   8 ADD                                14                0
  67 CALL_NEAR                          14                0
 100 CMP                                28                0
 298 JBE                                14                0
 302 JLE                                14                0
 312 JNZ                                14                0
 317 JZ                                 42                0
 374 LEA                                28                0
 411 MOV                               280                0
 452 MOVZX                              14                0
 597 POP                                84                0
 651 PUSH                               84                0
 718 RET_NEAR                           14                0
 795 SUB                                42                0
 809 TEST                               56                0
3000 *total                            742                0
3002 *stack-read                        98                0
3003 *stack-write                       98                0
3008 *mem-read-2                        14                0
3010 *mem-read-4                        42                0
3014 *mem-read-8                       168                0
3534 *mem-write-8                      182                0
#
#
# $rtn-counts rtn[1354,_IO_file_stat] at 0x7fe11d7b14d0
#
#     opcode       count-unpredicated    count-predicated
#
 303 JMP                                 2                0
 411 MOV                                 6                0
 466 NOP                                 2                0
3000 *total                             10                0
3010 *mem-read-4                         2                0
#
#
# $rtn-counts rtn[1355,_IO_file_write] at 0x7fe11d7b14f0
#
#     opcode       count-unpredicated    count-predicated
#
   8 ADD                                28                0
  67 CALL_NEAR                          14                0
 302 JLE                                28                0
 303 JMP                                28                0
 316 JS                                 28                0
 317 JZ                                 14                0
 411 MOV                               126                0
 466 NOP                                14                0
 597 POP                                56                0
 651 PUSH                               56                0
 718 RET_NEAR                           14                0
 795 SUB                                42                0
 809 TEST                               70                0
3000 *total                            518                0
3002 *stack-read                        70                0
3003 *stack-write                       70                0
3007 *mem-read-1                        14                0
3010 *mem-read-4                        14                0
3014 *mem-read-8                        84                0
3534 *mem-write-8                       70                0
#
#
# $rtn-counts rtn[1360,_IO_file_read] at 0x7fe11d7b1ac0
#
#     opcode       count-unpredicated    count-predicated
#
 303 JMP                               801                0
 312 JNZ                               801                0
 411 MOV                              1602                0
 466 NOP                               801                0
 809 TEST                              801                0
3000 *total                           4806                0
3007 *mem-read-1                       801                0
3010 *mem-read-4                       801                0
#
#
# $rtn-counts rtn[1361,_IO_file_xsputn] at 0x7fe11d7b1ae0
#
#     opcode       count-unpredicated    count-predicated
#
   8 ADD                               656                0
  23 AND                               192                0
  67 CALL_NEAR                         203                0
  85 CMOVBE                            191                0
 100 CMP                              1959                0
 148 DIV                                11                0
 298 JBE                                23                0
 303 JMP                               202                0
 305 JNB                               191                0
 306 JNBE                              191                0
 312 JNZ                               978                0
 317 JZ                                871                0
 374 LEA                               405                0
 411 MOV                              2471                0
 466 NOP                               263                0
 597 POP                              1578                0
 651 PUSH                             1578                0
 718 RET_NEAR                          263                0
 795 SUB                              1275                0
 809 TEST                              285                0
1568 XOR                               455                0
3000 *total                          14241                0
3002 *stack-read                      1841                0
3003 *stack-write                     1781                0
3007 *mem-read-1                       585                0
3010 *mem-read-4                       192                0
3014 *mem-read-8                      2269                0
3534 *mem-write-8                     1972                0
#
#
# $rtn-counts rtn[1369,_IO_do_write] at 0x7fe11d7b25c0
#
#     opcode       count-unpredicated    count-predicated
#
  67 CALL_NEAR                          14                0
 100 CMP                                14                0
 312 JNZ                                15                0
 411 MOV                                14                0
 452 MOVZX                              14                0
 464 NEG                                14                0
 466 NOP                                15                0
 597 POP                                14                0
 651 PUSH                               14                0
 718 RET_NEAR                           15                0
 752 SETNZ                              14                0
 809 TEST                               15                0
1568 XOR                                 1                0
3000 *total                            173                0
3002 *stack-read                        29                0
3003 *stack-write                       28                0
3014 *mem-read-8                        29                0
3534 *mem-write-8                       28                0
#
#
# $rtn-counts rtn[1370,_IO_file_underflow] at 0x7fe11d7b25f0
#
#     opcode       count-unpredicated    count-predicated
#
   8 ADD                               800                0
  67 CALL_NEAR                        1603                0
  95 CMOVNZ                              1                0
 100 CMP                              3203                0
 297 JB                                801                0
 302 JLE                               801                0
 303 JMP                                 1                0
 305 JNB                               801                0
 312 JNZ                              1602                0
 317 JZ                               2403                0
 374 LEA                              1602                0
 411 MOV                             13623                0
 452 MOVZX                             800                0
 466 NOP                               801                0
 477 OR                                  2                0
 597 POP                              4005                0
 651 PUSH                             4005                0
 718 RET_NEAR                          801                0
 795 SUB                              2403                0
 809 TEST                             3206                0
3000 *total                          43264                0
3002 *stack-read                      4806                0
3003 *stack-write                     5608                0
3007 *mem-read-1                       800                0
3010 *mem-read-4                       803                0
3014 *mem-read-8                     12814                0
3530 *mem-write-4                        1                0
3534 *mem-write-8                    11215                0
#
#
# $rtn-counts rtn[1371,_IO_file_overflow] at 0x7fe11d7b28b0
#
#     opcode       count-unpredicated    count-predicated
#
  23 AND                                 1                0
  67 CALL_NEAR                           5                0
 100 CMP                                58                0
 303 JMP                                12                0
 308 JNLE                                1                0
 312 JNZ                                45                0
 317 JZ                                118                0
 374 LEA                                14                0
 411 MOV                               217                0
 452 MOVZX                              14                0
 466 NOP                                25                0
 477 OR                                  1                0
 597 POP                                75                0
 651 PUSH                               75                0
 718 RET_NEAR                           14                0
 795 SUB                                15                0
 809 TEST                              105                0
3000 *total                            795                0
3002 *stack-read                        89                0
3003 *stack-write                       80                0
3010 *mem-read-4                        41                0
3014 *mem-read-8                       174                0
3527 *mem-write-1                       14                0
3530 *mem-write-4                        1                0
3534 *mem-write-8                      103                0
#
#
# $rtn-counts rtn[1380,_IO_switch_to_get_mode] at 0x7fe11d7b3390
#
#     opcode       count-unpredicated    count-predicated
#
   8 ADD                               801                0
  23 AND                               801                0
 100 CMP                              1602                0
 298 JBE                               801                0
 305 JNB                               801                0
 312 JNZ                               801                0
 411 MOV                              7209                0
 466 NOP                               801                0
 597 POP                              1602                0
 651 PUSH                             1602                0
 718 RET_NEAR                          801                0
 795 SUB                               801                0
 809 TEST                              801                0
1568 XOR                               801                0
3000 *total                          20025                0
3002 *stack-read                      2403                0
3003 *stack-write                     1602                0
3010 *mem-read-4                       801                0
3014 *mem-read-8                      5607                0
3530 *mem-write-4                      801                0
3534 *mem-write-8                     4806                0
#
#
# $rtn-counts rtn[1382,__overflow] at 0x7fe11d7b3470
#
#     opcode       count-unpredicated    count-predicated
#
   8 ADD                                 3                0
 100 CMP                                 3                0
 298 JBE                                 3                0
 303 JMP                                 3                0
 312 JNZ                                 3                0
 374 LEA                                 6                0
 411 MOV                                12                0
 466 NOP                                 3                0
 597 POP                                 3                0
 651 PUSH                                3                0
 795 SUB                                 9                0
 809 TEST                                3                0
3000 *total                             54                0
3002 *stack-read                         3                0
3003 *stack-write                        3                0
3010 *mem-read-4                         3                0
3014 *mem-read-8                         9                0
3534 *mem-write-8                        3                0
#
#
# $rtn-counts rtn[1384,__uflow] at 0x7fe11d7b3600
#
#     opcode       count-unpredicated    count-predicated
#
   8 ADD                               801                0
 100 CMP                              4005                0
 297 JB                                801                0
 298 JBE                               801                0
 303 JMP                               801                0
 312 JNZ                              2403                0
 317 JZ                               2403                0
 374 LEA                              1602                0
 411 MOV                              5607                0
 466 NOP                               801                0
 597 POP                              1602                0
 651 PUSH                             1602                0
 795 SUB                              2403                0
 809 TEST                             2403                0
3000 *total                          28035                0
3002 *stack-read                      2403                0
3003 *stack-write                     1602                0
3010 *mem-read-4                      2403                0
3014 *mem-read-8                      6408                0
3534 *mem-write-8                     1602                0
#
#
# $rtn-counts rtn[1385,_IO_setb] at 0x7fe11d7b3720
#
#     opcode       count-unpredicated    count-predicated
#
   8 ADD                                 2                0
  23 AND                                 2                0
  95 CMOVNZ                              2                0
 317 JZ                                  2                0
 411 MOV                                14                0
 466 NOP                                 2                0
 477 OR                                  2                0
 597 POP                                 2                0
 651 PUSH                                2                0
 718 RET_NEAR                            2                0
 795 SUB                                 2                0
 809 TEST                                4                0
3000 *total                             38                0
3002 *stack-read                         4                0
3003 *stack-write                        2                0
3010 *mem-read-4                         2                0
3014 *mem-read-8                         6                0
3530 *mem-write-4                        2                0
3534 *mem-write-8                        6                0
#
#
# $rtn-counts rtn[1386,_IO_doallocbuf] at 0x7fe11d7b3790
#
#     opcode       count-unpredicated    count-predicated
#
  67 CALL_NEAR                           2                0
 100 CMP                                 6                0
 298 JBE                                 2                0
 312 JNZ                                 2                0
 317 JZ                                  4                0
 374 LEA                                 4                0
 411 MOV                                10                0
 466 NOP                                 2                0
 597 POP                                 6                0
 651 PUSH                                6                0
 718 RET_NEAR                            2                0
 795 SUB                                 4                0
 809 TEST                                2                0
3000 *total                             52                0
3002 *stack-read                        10                0
3003 *stack-write                        8                0
3010 *mem-read-4                         2                0
3014 *mem-read-8                        14                0
3534 *mem-write-8                        8                0
#
#
# $rtn-counts rtn[1388,_IO_default_uflow] at 0x7fe11d7b3860
#
#     opcode       count-unpredicated    count-predicated
#
   8 ADD                               801                0
  67 CALL_NEAR                         801                0
 100 CMP                              1602                0
 298 JBE                               801                0
 317 JZ                                801                0
 374 LEA                              2402                0
 411 MOV                              4804                0
 452 MOVZX                             800                0
 466 NOP                               801                0
 597 POP                              1602                0
 651 PUSH                             1602                0
 718 RET_NEAR                          801                0
 795 SUB                              2403                0
3000 *total                          20021                0
3002 *stack-read                      3204                0
3003 *stack-write                     2403                0
3007 *mem-read-1                       800                0
3014 *mem-read-8                      4805                0
3534 *mem-write-8                     3203                0
#
#
# $rtn-counts rtn[1389,_IO_default_xsputn] at 0x7fe11d7b38c0
#
#     opcode       count-unpredicated    count-predicated
#
   8 ADD                                 1                0
  67 CALL_NEAR                          11                0
 100 CMP                                34                0
 298 JBE                                11                0
 303 JMP                                 1                0
 305 JNB                                12                0
 317 JZ                                 24                0
 374 LEA                                13                0
 411 MOV                                73                0
 452 MOVZX                              11                0
 466 NOP                                 1                0
 597 POP                                 6                0
 651 PUSH                                6                0
 718 RET_NEAR                            1                0
 795 SUB                                24                0
 809 TEST                               13                0
1568 XOR                                 1                0
3000 *total                            243                0
3002 *stack-read                         8                0
3003 *stack-write                       18                0
3007 *mem-read-1                        11                0
3014 *mem-read-8                        54                0
3534 *mem-write-8                       18                0
#
#
# $rtn-counts rtn[1392,_IO_default_setbuf] at 0x7fe11d7b3b00
#
#     opcode       count-unpredicated    count-predicated
#
   8 ADD                                 2                0
  67 CALL_NEAR                           2                0
 100 CMP                                 4                0
 298 JBE                                 2                0
 303 JMP                                 2                0
 317 JZ                                  8                0
 374 LEA                                 8                0
 411 MOV                                40                0
 466 NOP                                 2                0
 477 OR                                  4                0
 597 POP                                 8                0
 651 PUSH                                8                0
 718 RET_NEAR                            2                0
 795 SUB                                 6                0
 809 TEST                                6                0
3000 *total                            104                0
3002 *stack-read                        10                0
3003 *stack-write                       10                0
3010 *mem-read-4                         2                0
3014 *mem-read-8                        16                0
3530 *mem-write-4                        4                0
3534 *mem-write-8                       26                0
#
#
# $rtn-counts rtn[1403,_IO_sputbackc] at 0x7fe11d7b3fb0
#
#     opcode       count-unpredicated    count-predicated
#
   8 ADD                            524288                0
  23 AND                            524288                0
 100 CMP                           1048576                0
 298 JBE                            524288                0
 303 JMP                            524288                0
 317 JZ                             524288                0
 411 MOV                           1572864                0
 452 MOVZX                          524288                0
 466 NOP                            524288                0
 597 POP                           1048576                0
 651 PUSH                          1048576                0
 718 RET_NEAR                       524288                0
 795 SUB                           1048576                0
3000 *total                        9961472                0
3002 *stack-read                   1572864                0
3003 *stack-write                  1048576                0
3007 *mem-read-1                    524288                0
3010 *mem-read-4                    524288                0
3014 *mem-read-8                   2621440                0
3530 *mem-write-4                   524288                0
3534 *mem-write-8                  1572864                0
#
#
# $rtn-counts rtn[1406,_IO_flush_all_lockp] at 0x7fe11d7b4100
#
#     opcode       count-unpredicated    count-predicated
#
   8 ADD                                 1                0
 100 CMP                                 6                0
 109 CMPXCHG                             1                0
 146 DEC                                 1                0
 303 JMP                                 5                0
 306 JNBE                                3                0
 308 JNLE                                3                0
 312 JNZ                                 2                0
 317 JZ                                 17                0
 374 LEA                                 4                0
 411 MOV                                35                0
 466 NOP                                 1                0
 597 POP                                 6                0
 651 PUSH                                6                0
 718 RET_NEAR                            1                0
 795 SUB                                 3                0
 809 TEST                               16                0
1568 XOR                                 4                0
3000 *total                            115                0
3002 *stack-read                         9                0
3003 *stack-write                       10                0
3004 *iprel-read                         9                0
3005 *iprel-write                       12                0
3010 *mem-read-4                        11                0
3014 *mem-read-8                        23                0
3530 *mem-write-4                        5                0
3534 *mem-write-8                       17                0
#
#
# $rtn-counts rtn[1407,_IO_cleanup] at 0x7fe11d7b4410
#
#     opcode       count-unpredicated    count-predicated
#
   8 ADD                                 1                0
  23 AND                                 3                0
  67 CALL_NEAR                           3                0
 100 CMP                                15                0
 109 CMPXCHG                             3                0
 146 DEC                                 3                0
 298 JBE                                 2                0
 302 JLE                                 2                0
 303 JMP                                 8                0
 312 JNZ                                 9                0
 317 JZ                                 31                0
 374 LEA                                 4                0
 411 MOV                                65                0
 466 NOP                                 1                0
 477 OR                                  2                0
 597 POP                                 6                0
 651 PUSH                                6                0
 718 RET_NEAR                            1                0
 795 SUB                                 7                0
 809 TEST                               19                0
1568 XOR                                10                0
3000 *total                            201                0
3002 *stack-read                         9                0
3003 *stack-write                       13                0
3004 *iprel-read                        17                0
3005 *iprel-write                        8                0
3007 *mem-read-1                         2                0
3010 *mem-read-4                        27                0
3014 *mem-read-8                        33                0
3530 *mem-write-4                       18                0
3534 *mem-write-8                       24                0
#
#
# $rtn-counts rtn[1498,malloc_init_state] at 0x7fe11d7b69d0
#
#     opcode       count-unpredicated    count-predicated
#
   8 ADD                               127                0
 100 CMP                               128                0
 303 JMP                                 1                0
 312 JNZ                               127                0
 317 JZ                                  1                0
 374 LEA                                 3                0
 411 MOV                               258                0
 466 NOP                                 1                0
 718 RET_NEAR                            1                0
3000 *total                            647                0
3002 *stack-read                         1                0
3005 *iprel-write                        1                0
3014 *mem-read-8                         1                0
3530 *mem-write-4                        1                0
3534 *mem-write-8                      256                0
#
#
# $rtn-counts rtn[1510,munmap_chunk] at 0x7fe11d7b6e90
#
#     opcode       count-unpredicated    count-predicated
#
   8 ADD                                 6                0
  15 ADD_LOCK                            2                0
  23 AND                                10                0
 100 CMP                                 4                0
 147 DEC_LOCK                            2                0
 298 JBE                                 4                0
 303 JMP                                 2                0
 312 JNZ                                 2                0
 317 JZ                                  2                0
 374 LEA                                 2                0
 411 MOV                                18                0
 464 NEG                                 2                0
 477 OR                                  4                0
 795 SUB                                 6                0
3000 *total                             66                0
3001 *mem-atomic                         4                0
3004 *iprel-read                        10                0
3005 *iprel-write                        4                0
3010 *mem-read-4                         2                0
3014 *mem-read-8                        14                0
3530 *mem-write-4                        2                0
3534 *mem-write-8                        2                0
#
#
# $rtn-counts rtn[1512,ptmalloc_init.part.0] at 0x7fe11d7b70b0
#
#     opcode       count-unpredicated    count-predicated
#
   8 ADD                                 1                0
  67 CALL_NEAR                          15                0
 100 CMP                                 3                0
 303 JMP                                 1                0
 312 JNZ                                 2                0
 317 JZ                                  4                0
 374 LEA                                17                0
 411 MOV                                37                0
 597 POP                                 2                0
 651 PUSH                                2                0
 718 RET_NEAR                            1                0
 795 SUB                                 1                0
 809 TEST                                2                0
1568 XOR                                 3                0
3000 *total                             91                0
3002 *stack-read                         5                0
3003 *stack-write                       18                0
3004 *iprel-read                         3                0
3005 *iprel-write                        2                0
3014 *mem-read-8                        12                0
3530 *mem-write-4                        2                0
3534 *mem-write-8                       19                0
#
#
# $rtn-counts rtn[1523,_int_free] at 0x7fe11d7b8380
#
#     opcode       count-unpredicated    count-predicated
#
   8 ADD                                 3                0
  23 AND                                 4                0
 100 CMP                                12                0
 297 JB                                  2                0
 298 JBE                                 4                0
 303 JMP                                 1                0
 306 JNBE                                3                0
 312 JNZ                                 8                0
 317 JZ                                  7                0
 374 LEA                                 4                0
 411 MOV                                24                0
 464 NEG                                 1                0
 477 OR                                  1                0
 597 POP                                 6                0
 651 PUSH                                6                0
 718 RET_NEAR                            1                0
 770 SHR                                 1                0
 795 SUB                                 1                0
 809 TEST                               11                0
1568 XOR                                 2                0
3000 *total                            102                0
3002 *stack-read                         9                0
3003 *stack-write                        8                0
3004 *iprel-read                         5                0
3007 *mem-read-1                         3                0
3010 *mem-read-4                         4                0
3014 *mem-read-8                        23                0
3530 *mem-write-4                        1                0
3534 *mem-write-8                        9                0
#
#
# $rtn-counts rtn[1524,sysmalloc] at 0x7fe11d7b8dd0
#
#     opcode       count-unpredicated    count-predicated
#
   8 ADD                                22                0
  23 AND                                13                0
  67 CALL_NEAR                           6                0
  95 CMOVNZ                              2                0
 100 CMP                                37                0
 114 CMPXCHG_LOCK                        6                0
 297 JB                                  3                0
 298 JBE                                11                0
 302 JLE                                 5                0
 303 JMP                                 4                0
 305 JNB                                 2                0
 306 JNBE                                2                0
 307 JNL                                 3                0
 312 JNZ                                20                0
 316 JS                                  1                0
 317 JZ                                 22                0
 374 LEA                                27                0
 411 MOV                               134                0
 464 NEG                                 7                0
 466 NOP                                 2                0
 477 OR                                 14                0
 597 POP                                30                0
 651 PUSH                               30                0
 718 RET_NEAR                            5                0
 795 SUB                                11                0
 809 TEST                               24                0
1562 XADD_LOCK                           6                0
1568 XOR                                 8                0
3000 *total                            457                0
3001 *mem-atomic                        12                0
3002 *stack-read                        43                0
3003 *stack-write                       51                0
3004 *iprel-read                        49                0
3005 *iprel-write                       17                0
3007 *mem-read-1                         3                0
3010 *mem-read-4                        15                0
3014 *mem-read-8                        95                0
3527 *mem-write-1                        2                0
3530 *mem-write-4                        6                0
3534 *mem-write-8                       76                0
#
#
# $rtn-counts rtn[1525,_int_malloc] at 0x7fe11d7b9640
#
#     opcode       count-unpredicated    count-predicated
#
   8 ADD                                91                0
  23 AND                                24                0
  67 CALL_NEAR                           5                0
  84 CMOVB                               3                0
  89 CMOVNBE                            23                0
 100 CMP                               209                0
 297 JB                                 24                0
 298 JBE                                66                0
 303 JMP                                 5                0
 306 JNBE                               32                0
 312 JNZ                                46                0
 317 JZ                                 83                0
 374 LEA                               190                0
 411 MOV                               640                0
 452 MOVZX                               7                0
 466 NOP                                17                0
 477 OR                                 21                0
 597 POP                                72                0
 651 PUSH                               72                0
 718 RET_NEAR                           12                0
 746 SETNBE                             12                0
 752 SETNZ                              19                0
 767 SHL                                19                0
 770 SHR                                96                0
 795 SUB                                19                0
 809 TEST                               99                0
1568 XOR                                36                0
3000 *total                           1942                0
3002 *stack-read                       106                0
3003 *stack-write                      337                0
3004 *iprel-read                        83                0
3010 *mem-read-4                        67                0
3014 *mem-read-8                       228                0
3527 *mem-write-1                       12                0
3530 *mem-write-4                      104                0
3534 *mem-write-8                      242                0
#
#
# $rtn-counts rtn[1527,tcache_init.part.7] at 0x7fe11d7ba5a0
#
#     opcode       count-unpredicated    count-predicated
#
  23 AND                                 1                0
  67 CALL_NEAR                           1                0
 100 CMP                                 2                0
 109 CMPXCHG                             1                0
 146 DEC                                 1                0
 317 JZ                                  7                0
 374 LEA                                 2                0
 411 MOV                                10                0
 597 POP                                 1                0
 651 PUSH                                1                0
 718 RET_NEAR                            1                0
 770 SHR                                 1                0
 792 STOSQ                              79                0
 795 SUB                                 1                0
 809 TEST                                3                0
1568 XOR                                 2                0
3000 *total                            114                0
3002 *stack-read                         2                0
3003 *stack-write                        2                0
3004 *iprel-read                         4                0
3010 *mem-read-4                         4                0
3014 *mem-read-8                         5                0
3530 *mem-write-4                        2                0
3534 *mem-write-8                       84                0
#
#
# $rtn-counts rtn[1538,__libc_malloc] at 0x7fe11d7bb2c0
#
#     opcode       count-unpredicated    count-predicated
#
  23 AND                                 3                0
  67 CALL_NEAR                           4                0
 100 CMP                                13                0
 297 JB                                  3                0
 298 JBE                                 1                0
 303 JMP                                 3                0
 306 JNBE                                5                0
 312 JNZ                                13                0
 317 JZ                                  9                0
 374 LEA                                13                0
 411 MOV                                31                0
 452 MOVZX                               1                0
 466 NOP                                 3                0
 597 POP                                 9                0
 651 PUSH                                9                0
 718 RET_NEAR                            3                0
 746 SETNBE                              3                0
 770 SHR                                 3                0
 809 TEST                               21                0
3000 *total                            150                0
3002 *stack-read                        12                0
3003 *stack-write                       13                0
3004 *iprel-read                        10                0
3007 *mem-read-1                         1                0
3008 *mem-read-2                         1                0
3010 *mem-read-4                         3                0
3014 *mem-read-8                        31                0
3534 *mem-write-8                       13                0
#
#
# $rtn-counts rtn[1539,malloc_hook_ini] at 0x7fe11d7bb5e0
#
#     opcode       count-unpredicated    count-predicated
#
   8 ADD                                 1                0
  67 CALL_NEAR                           1                0
 303 JMP                                 1                0
 316 JS                                  1                0
 411 MOV                                 5                0
 466 NOP                                 1                0
 795 SUB                                 1                0
 809 TEST                                1                0
3000 *total                             12                0
3002 *stack-read                         1                0
3003 *stack-write                        2                0
3004 *iprel-read                         2                0
3010 *mem-read-4                         1                0
3014 *mem-read-8                         2                0
3534 *mem-write-8                        3                0
#
#
# $rtn-counts rtn[1542,__libc_free] at 0x7fe11d7bb950
#
#     opcode       count-unpredicated    count-predicated
#
   8 ADD                                 3                0
  23 AND                                 2                0
 100 CMP                                 9                0
 298 JBE                                 4                0
 303 JMP                                 5                0
 306 JNBE                                4                0
 312 JNZ                                 8                0
 317 JZ                                  5                0
 374 LEA                                 6                0
 411 MOV                                18                0
 466 NOP                                 5                0
 597 POP                                 3                0
 651 PUSH                                3                0
 795 SUB                                 3                0
 809 TEST                               12                0
1568 XOR                                 1                0
3000 *total                             91                0
3002 *stack-read                         3                0
3003 *stack-write                        3                0
3004 *iprel-read                        12                0
3005 *iprel-write                        4                0
3010 *mem-read-4                         2                0
3014 *mem-read-8                        20                0
3534 *mem-write-8                        7                0
#
#
# $rtn-counts rtn[1549,calloc] at 0x7fe11d7bc0f0
#
#     opcode       count-unpredicated    count-predicated
#
  23 AND                                14                0
  67 CALL_NEAR                          14                0
  84 CMOVB                               6                0
 100 CMP                                48                0
 273 IMUL                                9                0
 298 JBE                                16                0
 303 JMP                                 6                0
 306 JNBE                                6                0
 312 JNZ                                51                0
 317 JZ                                 25                0
 374 LEA                                28                0
 411 MOV                               150                0
 466 NOP                                 9                0
 477 OR                                  9                0
 597 POP                                45                0
 651 PUSH                               45                0
 718 RET_NEAR                            8                0
 795 SUB                                 6                0
 809 TEST                               56                0
1568 XOR                                 6                0
3000 *total                            557                0
3002 *stack-read                        54                0
3003 *stack-write                       59                0
3004 *iprel-read                        33                0
3010 *mem-read-4                        24                0
3014 *mem-read-8                       112                0
3534 *mem-write-8                       62                0
#
#
# $rtn-counts rtn[1559,__default_morecore] at 0x7fe11d7bcf60
#
#     opcode       count-unpredicated    count-predicated
#
   8 ADD                                 3                0
  67 CALL_NEAR                           3                0
  99 CMOVZ                               3                0
 100 CMP                                 3                0
 411 MOV                                 3                0
 466 NOP                                 3                0
 718 RET_NEAR                            3                0
 795 SUB                                 3                0
3000 *total                             24                0
3002 *stack-read                         3                0
3003 *stack-write                        3                0
3014 *mem-read-8                         3                0
3534 *mem-write-8                        3                0
#
#
# $rtn-counts rtn[1631,__libc_memmove_ifunc] at 0x7fe11d7c0540
#
#     opcode       count-unpredicated    count-predicated
#
  23 AND                                 1                0
  99 CMOVZ                               1                0
 312 JNZ                                 3                0
 317 JZ                                  2                0
 374 LEA                                 3                0
 411 MOV                                 3                0
 466 NOP                                 1                0
 718 RET_NEAR                            1                0
 809 TEST                                5                0
3000 *total                             20                0
3002 *stack-read                         1                0
3004 *iprel-read                         1                0
3007 *mem-read-1                         1                0
3010 *mem-read-4                         2                0
3014 *mem-read-8                         2                0
#
#
# $rtn-counts rtn[1632,memset_ifunc] at 0x7fe11d7c0670
#
#     opcode       count-unpredicated    count-predicated
#
  23 AND                                 1                0
  95 CMOVNZ                              1                0
 312 JNZ                                 2                0
 317 JZ                                  1                0
 374 LEA                                 3                0
 411 MOV                                 4                0
 466 NOP                                 1                0
 718 RET_NEAR                            1                0
 809 TEST                                4                0
3000 *total                             18                0
3002 *stack-read                         1                0
3004 *iprel-read                         1                0
3010 *mem-read-4                         2                0
3014 *mem-read-8                         2                0
#
#
# $rtn-counts rtn[2147,_Exit] at 0x7fe11d8283e0
#
#     opcode       count-unpredicated    count-predicated
#
 303 JMP                                 1                0
 411 MOV                                 6                0
 466 NOP                                 1                0
 802 SYSCALL                             1                0
3000 *total                              9                0
3004 *iprel-read                         1                0
3014 *mem-read-8                         1                0
#
#
# $rtn-counts rtn[2377,__fxstat] at 0x7fe11d84dc40
#
#     opcode       count-unpredicated    count-predicated
#
 100 CMP                                 4                0
 306 JNBE                                4                0
 411 MOV                                 8                0
 466 NOP                                 2                0
 718 RET_NEAR                            2                0
 802 SYSCALL                             2                0
3000 *total                             22                0
3002 *stack-read                         2                0
3014 *mem-read-8                         2                0
#
#
# $rtn-counts rtn[2394,read] at 0x7fe11d84e5e0
#
#     opcode       count-unpredicated    count-predicated
#
 100 CMP                               801                0
 306 JNBE                              801                0
 312 JNZ                               801                0
 374 LEA                               801                0
 411 MOV                               801                0
 466 NOP                               801                0
 718 RET_NEAR                          801                0
 802 SYSCALL                           801                0
 809 TEST                              801                0
1568 XOR                               801                0
3000 *total                           8010                0
3002 *stack-read                       801                0
3010 *mem-read-4                       801                0
3014 *mem-read-8                       801                0
#
#
# $rtn-counts rtn[2395,__write] at 0x7fe11d84e680
#
#     opcode       count-unpredicated    count-predicated
#
 100 CMP                                14                0
 306 JNBE                               14                0
 312 JNZ                                14                0
 374 LEA                                14                0
 411 MOV                                28                0
 466 NOP                                14                0
 718 RET_NEAR                           14                0
 802 SYSCALL                            14                0
 809 TEST                               14                0
3000 *total                            140                0
3002 *stack-read                        14                0
3010 *mem-read-4                        14                0
3014 *mem-read-8                        14                0
#
#
# $rtn-counts rtn[2482,brk] at 0x7fe11d8545e0
#
#     opcode       count-unpredicated    count-predicated
#
 100 CMP                                10                0
 306 JNBE                               10                0
 411 MOV                                15                0
 466 NOP                                 5                0
 718 RET_NEAR                            5                0
 802 SYSCALL                             5                0
1568 XOR                                 5                0
3000 *total                             55                0
3002 *stack-read                         5                0
3004 *iprel-read                         5                0
3014 *mem-read-8                        10                0
3534 *mem-write-8                        5                0
#
#
# $rtn-counts rtn[2483,sbrk] at 0x7fe11d854640
#
#     opcode       count-unpredicated    count-predicated
#
   8 ADD                                 2                0
  67 CALL_NEAR                           5                0
 302 JLE                                 2                0
 303 JMP                                 3                0
 312 JNZ                                 2                0
 316 JS                                  5                0
 317 JZ                                  8                0
 374 LEA                                 2                0
 411 MOV                                19                0
 466 NOP                                 3                0
 597 POP                                 9                0
 651 PUSH                                9                0
 718 RET_NEAR                            3                0
 741 SETB                                2                0
 809 TEST                               15                0
1568 XOR                                 3                0
3000 *total                             92                0
3002 *stack-read                        12                0
3003 *stack-write                       14                0
3004 *iprel-read                         5                0
3010 *mem-read-4                         2                0
3014 *mem-read-8                        21                0
3534 *mem-write-8                       14                0
#
#
# $rtn-counts rtn[2566,mmap] at 0x7fe11d858610
#
#     opcode       count-unpredicated    count-predicated
#
 100 CMP                                 3                0
 306 JNBE                                3                0
 312 JNZ                                 3                0
 317 JZ                                  6                0
 411 MOV                                39                0
 466 NOP                                 3                0
 597 POP                                18                0
 651 PUSH                               18                0
 718 RET_NEAR                            3                0
 802 SYSCALL                             3                0
 809 TEST                                9                0
3000 *total                            108                0
3002 *stack-read                        21                0
3003 *stack-write                       18                0
3014 *mem-read-8                        21                0
3534 *mem-write-8                       18                0
#
#
# $rtn-counts rtn[2625,__init_misc] at 0x7fe11d85f190
#
#     opcode       count-unpredicated    count-predicated
#
   8 ADD                                 1                0
  67 CALL_NEAR                           1                0
  95 CMOVNZ                              1                0
 317 JZ                                  2                0
 374 LEA                                 1                0
 411 MOV                                 9                0
 466 NOP                                 1                0
 597 POP                                 2                0
 651 PUSH                                2                0
 718 RET_NEAR                            1                0
 795 SUB                                 1                0
 809 TEST                                3                0
3000 *total                             25                0
3002 *stack-read                         3                0
3003 *stack-write                        3                0
3004 *iprel-read                         2                0
3014 *mem-read-8                         7                0
3534 *mem-write-8                        5                0
#
#
# $rtn-counts rtn[3510,_dl_addr] at 0x7fe11d898c50
#
#     opcode       count-unpredicated    count-predicated
#
   8 ADD                              6562                0
  23 AND                              2329                0
  67 CALL_NEAR                           3                0
 100 CMP                              8892                0
 297 JB                               2325                0
 303 JMP                              3251                0
 305 JNB                               868                0
 312 JNZ                              3226                0
 317 JZ                               9942                0
 374 LEA                              5640                0
 411 MOV                             13204                0
 452 MOVZX                            4687                0
 466 NOP                                 1                0
 597 POP                                 6                0
 651 PUSH                                6                0
 718 RET_NEAR                            1                0
 732 SAR                              2358                0
 795 SUB                              2360                0
 809 TEST                             7469                0
1568 XOR                                 2                0
3000 *total                          73132                0
3002 *stack-read                         8                0
3003 *stack-write                       12                0
3004 *iprel-read                         1                0
3007 *mem-read-1                      4688                0
3008 *mem-read-2                      2358                0
3010 *mem-read-4                      1013                0
3014 *mem-read-8                      6458                0
3530 *mem-write-4                        1                0
3534 *mem-write-8                       16                0
#
#
# $rtn-counts rtn[29,.plt.sec] at 0x7fe1322a3040
#
#     opcode       count-unpredicated    count-predicated
#
 303 JMP                                 2                0
 466 NOP                                 2                0
3000 *total                              4                0
3004 *iprel-read                         2                0
3014 *mem-read-8                         2                0
#
#
# $rtn-counts rtn[33,_dl_runtime_resolve_fxsave] at 0x7fe1322a3b80
#
#     opcode       count-unpredicated    count-predicated
#
   8 ADD                                 9                0
  23 AND                                 9                0
  67 CALL_NEAR                           9                0
 256 FXRSTOR                             9                0
 258 FXSAVE                              9                0
 303 JMP                                 9                0
 411 MOV                               180                0
 466 NOP                                 9                0
 651 PUSH                                9                0
 795 SUB                                 9                0
3000 *total                            261                0
3002 *stack-read                        81                0
3003 *stack-write                       90                0
3014 *mem-read-8                        90                0
3518 *mem-read-512                       9                0
3534 *mem-write-8                       81                0
4038 *mem-write-512                      9                0
#
#
# $rtn-counts rtn[40,__GI___munmap] at 0x7fe1322a3eb0
#
#     opcode       count-unpredicated    count-predicated
#
 100 CMP                                 1                0
 305 JNB                                 1                0
 411 MOV                                 1                0
 466 NOP                                 1                0
 718 RET_NEAR                            1                0
 802 SYSCALL                             1                0
3000 *total                              6                0
3002 *stack-read                         1                0
3014 *mem-read-8                         1                0
#
#
# $rtn-counts rtn[41,__mprotect] at 0x7fe1322a3ee0
#
#     opcode       count-unpredicated    count-predicated
#
 100 CMP                                 4                0
 305 JNB                                 4                0
 411 MOV                                 4                0
 466 NOP                                 4                0
 718 RET_NEAR                            4                0
 802 SYSCALL                             4                0
3000 *total                             24                0
3002 *stack-read                         4                0
3014 *mem-read-8                         4                0
#
#
# $rtn-counts rtn[44,__GI___sigsetjmp] at 0x7fe1322a3f50
#
#     opcode       count-unpredicated    count-predicated
#
 374 LEA                                 2                0
 411 MOV                                22                0
 466 NOP                                 6                0
 718 RET_NEAR                            2                0
 719 ROL                                 6                0
1568 XOR                                10                0
3000 *total                             48                0
3002 *stack-read                         4                0
3004 *iprel-read                         6                0
3014 *mem-read-8                        10                0
3534 *mem-write-8                       18                0
#
#
# $rtn-counts rtn[47,memcmp] at 0x7fe1322a4360
#
#     opcode       count-unpredicated    count-predicated
#
 317 JZ                                  1                0
 466 NOP                                 1                0
 718 RET_NEAR                            1                0
 809 TEST                                1                0
1568 XOR                                 1                0
3000 *total                              5                0
3002 *stack-read                         1                0
3014 *mem-read-8                         1                0
#
#
# $rtn-counts rtn[48,mempcpy] at 0x7fe1322a4760
#
#     opcode       count-unpredicated    count-predicated
#
   8 ADD                                68                0
 303 JMP                                68                0
 411 MOV                                68                0
 466 NOP                                68                0
3000 *total                            272                0
#
#
# $rtn-counts rtn[49,memmove] at 0x7fe1322a4770
#
#     opcode       count-unpredicated    count-predicated
#
   8 ADD                                 2                0
  23 AND                                 1                0
 100 CMP                               209                0
 297 JB                                 89                0
 298 JBE                                 6                0
 305 JNB                                80                0
 306 JNBE                               41                0
 317 JZ                                  1                0
 374 LEA                                 1                0
 411 MOV                               222                0
 413 MOVAPS                              4                0
 451 MOVUPS                            150                0
 452 MOVZX                               6                0
 466 NOP                                15                0
 718 RET_NEAR                           82                0
 795 SUB                                 5                0
3000 *total                            914                0
3002 *stack-read                        82                0
3007 *mem-read-1                         2                0
3008 *mem-read-2                         4                0
3010 *mem-read-4                        24                0
3014 *mem-read-8                       158                0
3022 *mem-read-16                       77                0
3527 *mem-write-1                        2                0
3528 *mem-write-2                        4                0
3530 *mem-write-4                       24                0
3534 *mem-write-8                       76                0
3542 *mem-write-16                      77                0
#
#
# $rtn-counts rtn[51,memset] at 0x7fe1322a49a0
#
#     opcode       count-unpredicated    count-predicated
#
   8 ADD                                 4                0
  23 AND                                 2                0
 100 CMP                                40                0
 297 JB                                 34                0
 298 JBE                                 4                0
 306 JNBE                                2                0
 374 LEA                                 2                0
 411 MOV                                 2                0
 413 MOVAPS                            128                0
 415 MOVD                                2                0
 451 MOVUPS                             16                0
 466 NOP                                 4                0
 615 PSHUFD                              2                0
 647 PUNPCKLBW                           2                0
 650 PUNPCKLWD                           2                0
 718 RET_NEAR                            2                0
 795 SUB                                32                0
3000 *total                            280                0
3002 *stack-read                         2                0
3014 *mem-read-8                         2                0
3542 *mem-write-16                     144                0
#
#
# $rtn-counts rtn[54,strchr] at 0x7fe1322a4d80
#
#     opcode       count-unpredicated    count-predicated
#
   8 ADD                                 1                0
  23 AND                                15                0
  55 BSF                                14                0
  95 CMOVNZ                             14                0
 100 CMP                                28                0
 308 JNLE                               14                0
 312 JNZ                                 3                0
 317 JZ                                 15                0
 374 LEA                                14                0
 411 MOV                                28                0
 415 MOVD                               14                0
 420 MOVDQA                             26                0
 421 MOVDQU                             23                0
 466 NOP                                16                0
 477 OR                                  9                0
 510 PCMPEQB                            52                0
 573 PMINUB                              7                0
 576 PMOVMSKB                           28                0
 604 POR                                24                0
 615 PSHUFD                             14                0
 647 PUNPCKLBW                          14                0
 650 PUNPCKLWD                          14                0
 657 PXOR                               19                0
 718 RET_NEAR                           14                0
 767 SHL                                12                0
 809 TEST                               18                0
3000 *total                            450                0
3002 *stack-read                        14                0
3007 *mem-read-1                        14                0
3014 *mem-read-8                        14                0
3022 *mem-read-16                       32                0
#
#
# $rtn-counts rtn[55,strcmp] at 0x7fe1322a4fb0
#
#     opcode       count-unpredicated    count-predicated
#
   8 ADD                                42                0
  23 AND                               548                0
  55 BSF                               176                0
 100 CMP                               368                0
 303 JMP                                41                0
 306 JNBE                              365                0
 308 JNLE                               23                0
 312 JNZ                               207                0
 317 JZ                                 88                0
 374 LEA                               251                0
 411 MOV                               459                0
 420 MOVDQA                            177                0
 423 MOVHPD                            280                0
 426 MOVLPD                            280                0
 449 MOVSXD                             41                0
 452 MOVZX                             352                0
 466 NOP                               235                0
 510 PCMPEQB                           414                0
 576 PMOVMSKB                          207                0
 604 POR                                23                0
 623 PSLLDQ                             64                0
 629 PSRLDQ                             23                0
 632 PSUBB                             207                0
 657 PXOR                              204                0
 718 RET_NEAR                          176                0
 770 SHR                                88                0
 795 SUB                               444                0
 809 TEST                               44                0
1564 XCHG                               69                0
1568 XOR                                44                0
3000 *total                           5940                0
3002 *stack-read                       176                0
3007 *mem-read-1                       352                0
3010 *mem-read-4                        41                0
3014 *mem-read-8                       736                0
3022 *mem-read-16                      154                0
#
#
# $rtn-counts rtn[56,strlen] at 0x7fe1322a6400
#
#     opcode       count-unpredicated    count-predicated
#
   8 ADD                                 5                0
  23 AND                                33                0
  55 BSF                                17                0
 100 CMP                                17                0
 306 JNBE                               17                0
 312 JNZ                                 4                0
 317 JZ                                 25                0
 411 MOV                                42                0
 420 MOVDQA                              4                0
 421 MOVDQU                             17                0
 466 NOP                                17                0
 477 OR                                 25                0
 510 PCMPEQB                            57                0
 573 PMINUB                             12                0
 576 PMOVMSKB                           57                0
 657 PXOR                               71                0
 718 RET_NEAR                           17                0
 732 SAR                                 8                0
 767 SHL                                33                0
 795 SUB                                 4                0
 809 TEST                               29                0
1568 XOR                                 8                0
3000 *total                            519                0
3002 *stack-read                        17                0
3014 *mem-read-8                        17                0
3022 *mem-read-16                       69                0
#
#
# $rtn-counts rtn[61,_dl_call_libc_early_init] at 0x7fe1322a8260
#
#     opcode       count-unpredicated    count-predicated
#
   8 ADD                                 2                0
  67 CALL_NEAR                           1                0
 100 CMP                                 1                0
 303 JMP                                 1                0
 317 JZ                                  3                0
 374 LEA                                 2                0
 411 MOV                                 5                0
 452 MOVZX                               1                0
 466 NOP                                 1                0
 597 POP                                 2                0
 651 PUSH                                2                0
 795 SUB                                 1                0
 809 TEST                                2                0
3000 *total                             24                0
3002 *stack-read                         2                0
3003 *stack-write                        3                0
3008 *mem-read-2                         1                0
3014 *mem-read-8                         4                0
3534 *mem-write-8                        3                0
#
#
# $rtn-counts rtn[66,_dl_debug_state] at 0x7fe1322a9390
#
#     opcode       count-unpredicated    count-predicated
#
 466 NOP                                 2                0
 718 RET_NEAR                            2                0
3000 *total                              4                0
3002 *stack-read                         2                0
3014 *mem-read-8                         2                0
#
#
# $rtn-counts rtn[67,_dl_debug_initialize] at 0x7fe1322a93a0
#
#     opcode       count-unpredicated    count-predicated
#
 100 CMP                                 3                0
 312 JNZ                                 4                0
 317 JZ                                  5                0
 374 LEA                                 4                0
 411 MOV                                 8                0
 466 NOP                                 3                0
 718 RET_NEAR                            3                0
 809 TEST                                6                0
3000 *total                             36                0
3002 *stack-read                         3                0
3004 *iprel-read                         3                0
3014 *mem-read-8                        10                0
3530 *mem-write-4                        1                0
3534 *mem-write-8                        3                0
#
#
# $rtn-counts rtn[69,openaux] at 0x7fe1322a94d0
#
#     opcode       count-unpredicated    count-predicated
#
  23 AND                                 2                0
  67 CALL_NEAR                           2                0
  99 CMOVZ                               2                0
 411 MOV                                16                0
 452 MOVZX                               4                0
 466 NOP                                 2                0
 597 POP                                 2                0
 651 PUSH                                2                0
 718 RET_NEAR                            2                0
 809 TEST                                2                0
3000 *total                             36                0
3002 *stack-read                         4                0
3003 *stack-write                        4                0
3007 *mem-read-1                         2                0
3010 *mem-read-4                         4                0
3014 *mem-read-8                        10                0
3534 *mem-write-8                        6                0
#
#
# $rtn-counts rtn[70,_dl_map_object_deps] at 0x7fe1322a9510
#
#     opcode       count-unpredicated    count-predicated
#
   8 ADD                                60                0
  23 AND                                59                0
  67 CALL_NEAR                          11                0
  99 CMOVZ                               3                0
 100 CMP                               120                0
 303 JMP                                11                0
 305 JNB                                 1                0
 312 JNZ                                78                0
 317 JZ                                131                0
 374 LEA                                26                0
 411 MOV                               236                0
 452 MOVZX                               7                0
 466 NOP                                 4                0
 477 OR                                  8                0
 597 POP                                 6                0
 651 PUSH                                6                0
 718 RET_NEAR                            1                0
 752 SETNZ                               1                0
 767 SHL                                 4                0
 770 SHR                                 1                0
 795 SUB                                 5                0
 809 TEST                               93                0
1568 XOR                                 5                0
3000 *total                            877                0
3002 *stack-read                        61                0
3003 *stack-write                       61                0
3004 *iprel-read                         5                0
3005 *iprel-write                        4                0
3007 *mem-read-1                        11                0
3008 *mem-read-2                         2                0
3010 *mem-read-4                        19                0
3014 *mem-read-8                       145                0
3527 *mem-write-1                        8                0
3530 *mem-write-4                       21                0
3534 *mem-write-8                       68                0
#
#
# $rtn-counts rtn[77,_dl_fini] at 0x7fe1322aacd0
#
#     opcode       count-unpredicated    count-predicated
#
   8 ADD                                14                0
  23 AND                                 5                0
  67 CALL_NEAR                          10                0
 100 CMP                                17                0
 298 JBE                                 4                0
 303 JMP                                 3                0
 312 JNZ                                23                0
 316 JS                                  1                0
 317 JZ                                 15                0
 374 LEA                                13                0
 411 MOV                                62                0
 452 MOVZX                               7                0
 466 NOP                                 2                0
 477 OR                                  1                0
 597 POP                                 6                0
 651 PUSH                                6                0
 718 RET_NEAR                            1                0
 757 SETZ                                2                0
 767 SHL                                 1                0
 770 SHR                                 3                0
 795 SUB                                10                0
 809 TEST                               26                0
1568 XOR                                 2                0
3000 *total                            234                0
3002 *stack-read                        17                0
3003 *stack-write                       22                0
3004 *iprel-read                         6                0
3005 *iprel-write                        2                0
3007 *mem-read-1                         7                0
3010 *mem-read-4                        13                0
3014 *mem-read-8                        44                0
3527 *mem-write-1                        3                0
3530 *mem-write-4                       14                0
3534 *mem-write-8                       24                0
#
#
# $rtn-counts rtn[78,call_init.part.0] at 0x7fe1322ab080
#
#     opcode       count-unpredicated    count-predicated
#
   8 ADD                                 3                0
  67 CALL_NEAR                           2                0
 100 CMP                                 1                0
 312 JNZ                                 3                0
 317 JZ                                  8                0
 374 LEA                                 2                0
 411 MOV                                28                0
 452 MOVZX                               6                0
 466 NOP                                 1                0
 477 OR                                  3                0
 597 POP                                10                0
 651 PUSH                               10                0
 718 RET_NEAR                            3                0
 770 SHR                                 1                0
 809 TEST                               10                0
3000 *total                             91                0
3002 *stack-read                        13                0
3003 *stack-write                       12                0
3004 *iprel-read                         1                0
3007 *mem-read-1                         7                0
3014 *mem-read-8                        27                0
3527 *mem-write-1                        3                0
3534 *mem-write-8                       12                0
#
#
# $rtn-counts rtn[79,_dl_init] at 0x7fe1322ab1a0
#
#     opcode       count-unpredicated    count-predicated
#
   8 ADD                                 1                0
  67 CALL_NEAR                           3                0
 100 CMP                                 4                0
 312 JNZ                                 7                0
 317 JZ                                  2                0
 374 LEA                                 1                0
 411 MOV                                27                0
 466 NOP                                 1                0
 597 POP                                 6                0
 651 PUSH                                6                0
 718 RET_NEAR                            1                0
 795 SUB                                 5                0
 809 TEST                                5                0
3000 *total                             69                0
3002 *stack-read                         7                0
3003 *stack-write                        9                0
3004 *iprel-read                         1                0
3007 *mem-read-1                         3                0
3010 *mem-read-4                         1                0
3014 *mem-read-8                        16                0
3530 *mem-write-4                        1                0
3534 *mem-write-8                        9                0
#
#
# $rtn-counts rtn[82,_dl_process_pt_note] at 0x7fe1322ab550
#
#     opcode       count-unpredicated    count-predicated
#
   8 ADD                                 2                0
  23 AND                                 9                0
  67 CALL_NEAR                           2                0
 100 CMP                                17                0
 297 JB                                  1                0
 298 JBE                                 3                0
 303 JMP                                 6                0
 305 JNB                                 1                0
 306 JNBE                                3                0
 312 JNZ                                12                0
 317 JZ                                  5                0
 374 LEA                                12                0
 411 MOV                                35                0
 452 MOVZX                               1                0
 477 OR                                  4                0
 597 POP                                12                0
 651 PUSH                               12                0
 718 RET_NEAR                            2                0
 795 SUB                                 5                0
 809 TEST                                6                0
1568 XOR                                 5                0
3000 *total                            155                0
3002 *stack-read                        17                0
3003 *stack-write                       18                0
3007 *mem-read-1                         5                0
3010 *mem-read-4                         9                0
3014 *mem-read-8                        23                0
3527 *mem-write-1                        3                0
3530 *mem-write-4                        3                0
3534 *mem-write-8                       15                0
#
#
# $rtn-counts rtn[85,open_verify.constprop.9] at 0x7fe1322ab980
#
#     opcode       count-unpredicated    count-predicated
#
   8 ADD                                13                0
  23 AND                                 2                0
  67 CALL_NEAR                          30                0
 100 CMP                                57                0
 298 JBE                                 5                0
 302 JLE                                 2                0
 303 JMP                                 4                0
 305 JNB                                 6                0
 306 JNBE                                3                0
 312 JNZ                                45                0
 317 JZ                                 31                0
 374 LEA                                50                0
 411 MOV                               341                0
 452 MOVZX                               8                0
 464 NEG                                 1                0
 466 NOP                                 1                0
 477 OR                                  2                0
 597 POP                               168                0
 651 PUSH                              168                0
 718 RET_NEAR                           28                0
 767 SHL                                 3                0
 795 SUB                                37                0
 809 TEST                               33                0
1568 XOR                                35                0
3000 *total                           1073                0
3002 *stack-read                       199                0
3003 *stack-write                      228                0
3004 *iprel-read                        37                0
3005 *iprel-write                        2                0
3007 *mem-read-1                         6                0
3008 *mem-read-2                         6                0
3010 *mem-read-4                        41                0
3014 *mem-read-8                       217                0
3530 *mem-write-4                       29                0
3534 *mem-write-8                      202                0
#
#
# $rtn-counts rtn[86,open_path] at 0x7fe1322ac050
#
#     opcode       count-unpredicated    count-predicated
#
   8 ADD                                78                0
  23 AND                                12                0
  67 CALL_NEAR                         102                0
  99 CMOVZ                               2                0
 100 CMP                               140                0
 303 JMP                                46                0
 305 JNB                                30                0
 312 JNZ                                92                0
 316 JS                                 18                0
 317 JZ                                 71                0
 374 LEA                                61                0
 411 MOV                               694                0
 452 MOVZX                               9                0
 466 NOP                                 4                0
 475 NOT                                18                0
 477 OR                                 13                0
 597 POP                                 6                0
 651 PUSH                                6                0
 718 RET_NEAR                            1                0
 752 SETNZ                               9                0
 757 SETZ                                2                0
 767 SHL                                27                0
 795 SUB                                30                0
 809 TEST                               80                0
1568 XOR                                35                0
3000 *total                           1586                0
3002 *stack-read                       303                0
3003 *stack-write                      163                0
3004 *iprel-read                        62                0
3007 *mem-read-1                        45                0
3010 *mem-read-4                        96                0
3014 *mem-read-8                       427                0
3527 *mem-write-1                       18                0
3530 *mem-write-4                       29                0
3534 *mem-write-8                      152                0
#
#
# $rtn-counts rtn[87,_dl_map_object_from_fd] at 0x7fe1322ac700
#
#     opcode       count-unpredicated    count-predicated
#
   8 ADD                                67                0
  23 AND                                22                0
  67 CALL_NEAR                          15                0
  85 CMOVBE                              1                0
  95 CMOVNZ                              1                0
 100 CMP                               129                0
 103 CMPSB                              10                0
 298 JBE                                51                0
 303 JMP                                11                0
 305 JNB                                16                0
 306 JNBE                                6                0
 312 JNZ                                34                0
 316 JS                                  3                0
 317 JZ                                112                0
 374 LEA                                64                0
 411 MOV                               329                0
 452 MOVZX                              19                0
 464 NEG                                 4                0
 475 NOT                                 1                0
 477 OR                                  2                0
 597 POP                                 6                0
 651 PUSH                                6                0
 718 RET_NEAR                            1                0
 732 SAR                                 3                0
 735 SBB                                 1                0
 746 SETNBE                              1                0
 767 SHL                                13                0
 770 SHR                                 2                0
 795 SUB                                45                0
 809 TEST                               79                0
1568 XOR                                 5                0
3000 *total                           1059                0
3002 *stack-read                        68                0
3003 *stack-write                       50                0
3004 *iprel-read                         9                0
3007 *mem-read-1                        27                0
3008 *mem-read-2                        16                0
3010 *mem-read-4                        32                0
3014 *mem-read-8                       175                0
3527 *mem-write-1                        3                0
3528 *mem-write-2                        3                0
3530 *mem-write-4                       10                0
3534 *mem-write-8                      108                0
#
#
# $rtn-counts rtn[89,_dl_dst_count] at 0x7fe1322adac0
#
#     opcode       count-unpredicated    count-predicated
#
  67 CALL_NEAR                           4                0
 312 JNZ                                 4                0
 411 MOV                                 8                0
 466 NOP                                 4                0
 597 POP                                20                0
 651 PUSH                               20                0
 718 RET_NEAR                            4                0
 809 TEST                                4                0
1568 XOR                                 4                0
3000 *total                             72                0
3002 *stack-read                        24                0
3003 *stack-write                       24                0
3014 *mem-read-8                        24                0
3534 *mem-write-8                       24                0
#
#
# $rtn-counts rtn[91,expand_dynamic_string_token] at 0x7fe1322adce0
#
#     opcode       count-unpredicated    count-predicated
#
   8 ADD                                 2                0
  67 CALL_NEAR                           2                0
 303 JMP                                 2                0
 312 JNZ                                 2                0
 411 MOV                                 8                0
 597 POP                                 8                0
 651 PUSH                                8                0
 795 SUB                                 2                0
 809 TEST                                2                0
3000 *total                             36                0
3002 *stack-read                         8                0
3003 *stack-write                       10                0
3014 *mem-read-8                         8                0
3534 *mem-write-8                       10                0
#
#
# $rtn-counts rtn[92,fillin_rpath] at 0x7fe1322ade00
#
#     opcode       count-unpredicated    count-predicated
#
   8 ADD                                37                0
  67 CALL_NEAR                          20                0
 100 CMP                                57                0
 303 JMP                                14                0
 305 JNB                                 3                0
 312 JNZ                                46                0
 317 JZ                                 40                0
 374 LEA                                11                0
 411 MOV                               146                0
 466 NOP                                 4                0
 597 POP                                 6                0
 651 PUSH                                6                0
 718 RET_NEAR                            1                0
 752 SETNZ                               3                0
 795 SUB                                 1                0
 809 TEST                               35                0
1568 XOR                                14                0
3000 *total                            444                0
3002 *stack-read                        32                0
3003 *stack-write                       39                0
3004 *iprel-read                        26                0
3005 *iprel-write                       12                0
3007 *mem-read-1                         9                0
3014 *mem-read-8                        82                0
3527 *mem-write-1                        5                0
3530 *mem-write-4                       27                0
3534 *mem-write-8                       59                0
#
#
# $rtn-counts rtn[95,_dl_init_paths] at 0x7fe1322ae310
#
#     opcode       count-unpredicated    count-predicated
#
   8 ADD                               158                0
  23 AND                                 5                0
  67 CALL_NEAR                           7                0
  99 CMOVZ                               1                0
 100 CMP                               160                0
 303 JMP                                 2                0
 306 JNBE                              138                0
 312 JNZ                               158                0
 317 JZ                                 11                0
 374 LEA                               156                0
 411 MOV                                78                0
 452 MOVZX                             140                0
 456 MUL                                 1                0
 466 NOP                                 4                0
 477 OR                                  1                0
 597 POP                                 5                0
 651 PUSH                                5                0
 718 RET_NEAR                            1                0
 767 SHL                                 1                0
 770 SHR                                 1                0
 795 SUB                               140                0
 809 TEST                              147                0
1568 XOR                                 3                0
3000 *total                           1323                0
3002 *stack-read                         7                0
3003 *stack-write                       13                0
3004 *iprel-read                         8                0
3005 *iprel-write                       10                0
3007 *mem-read-1                       141                0
3014 *mem-read-8                        19                0
3530 *mem-write-4                       20                0
3534 *mem-write-8                       34                0
#
#
# $rtn-counts rtn[96,_dl_map_object] at 0x7fe1322ae710
#
#     opcode       count-unpredicated    count-predicated
#
   8 ADD                                 7                0
  23 AND                                 3                0
  67 CALL_NEAR                          13                0
  95 CMOVNZ                              1                0
 100 CMP                                12                0
 298 JBE                                 2                0
 303 JMP                                 6                0
 312 JNZ                                25                0
 316 JS                                  2                0
 317 JZ                                 27                0
 374 LEA                                20                0
 411 MOV                               103                0
 452 MOVZX                              12                0
 466 NOP                                 2                0
 477 OR                                  5                0
 597 POP                                12                0
 651 PUSH                               19                0
 718 RET_NEAR                            2                0
 752 SETNZ                               1                0
 770 SHR                                10                0
 795 SUB                                 3                0
 809 TEST                               46                0
1568 XOR                                 2                0
3000 *total                            335                0
3002 *stack-read                        26                0
3003 *stack-write                       54                0
3004 *iprel-read                        10                0
3007 *mem-read-1                        21                0
3010 *mem-read-4                         4                0
3014 *mem-read-8                        48                0
3527 *mem-write-1                        3                0
3530 *mem-write-4                        5                0
3534 *mem-write-8                       46                0
#
#
# $rtn-counts rtn[98,check_match] at 0x7fe1322af360
#
#     opcode       count-unpredicated    count-predicated
#
   8 ADD                               138                0
  23 AND                               208                0
  58 BT                                104                0
  67 CALL_NEAR                         138                0
 100 CMP                               312                0
 305 JNB                               104                0
 312 JNZ                               138                0
 317 JZ                                624                0
 374 LEA                               208                0
 411 MOV                              1594                0
 452 MOVZX                             416                0
 597 POP                               416                0
 651 PUSH                              416                0
 718 RET_NEAR                          104                0
 757 SETZ                              104                0
 795 SUB                               104                0
 809 TEST                              554                0
3000 *total                           5682                0
3002 *stack-read                       970                0
3003 *stack-write                      554                0
3007 *mem-read-1                       104                0
3008 *mem-read-2                       208                0
3010 *mem-read-4                       346                0
3014 *mem-read-8                      1178                0
3534 *mem-write-8                      554                0
#
#
# $rtn-counts rtn[99,do_lookup_x] at 0x7fe1322af500
#
#     opcode       count-unpredicated    count-predicated
#
   8 ADD                               438                0
  23 AND                               887                0
  67 CALL_NEAR                         104                0
 100 CMP                               841                0
 148 DIV                               105                0
 298 JBE                               226                0
 303 JMP                               317                0
 312 JNZ                               735                0
 317 JZ                               1773                0
 374 LEA                               523                0
 411 MOV                              9936                0
 452 MOVZX                             208                0
 597 POP                               642                0
 651 PUSH                             1162                0
 718 RET_NEAR                          107                0
 732 SAR                               104                0
 770 SHR                              1098                0
 795 SUB                               419                0
 809 TEST                             1353                0
1568 XOR                               317                0
3000 *total                          21295                0
3002 *stack-read                      2893                0
3003 *stack-write                     3353                0
3004 *iprel-read                       240                0
3007 *mem-read-1                       660                0
3010 *mem-read-4                      1551                0
3014 *mem-read-8                      4580                0
3530 *mem-write-4                      452                0
3534 *mem-write-8                     3109                0
#
#
# $rtn-counts rtn[100,_dl_lookup_symbol_x] at 0x7fe1322b0000
#
#     opcode       count-unpredicated    count-predicated
#
   8 ADD                              4611                0
  23 AND                               204                0
  67 CALL_NEAR                         107                0
 100 CMP                               421                0
 303 JMP                               111                0
 312 JNZ                              1744                0
 317 JZ                                956                0
 374 LEA                               214                0
 411 MOV                              5059                0
 452 MOVZX                            1743                0
 466 NOP                               214                0
 597 POP                               642                0
 651 PUSH                             1284                0
 718 RET_NEAR                          107                0
 767 SHL                              1429                0
 770 SHR                                 3                0
 795 SUB                               107                0
 809 TEST                             2279                0
1568 XOR                               110                0
3000 *total                          21345                0
3002 *stack-read                      2345                0
3003 *stack-write                     2354                0
3004 *iprel-read                       211                0
3005 *iprel-write                      107                0
3007 *mem-read-1                      1847                0
3010 *mem-read-4                       422                0
3014 *mem-read-8                      2244                0
3530 *mem-write-4                      108                0
3534 *mem-write-8                     2354                0
#
#
# $rtn-counts rtn[101,_dl_setup_hash] at 0x7fe1322b0f10
#
#     opcode       count-unpredicated    count-predicated
#
   8 ADD                                 4                0
 312 JNZ                                 4                0
 317 JZ                                  4                0
 374 LEA                                16                0
 411 MOV                                48                0
 466 NOP                                 4                0
 718 RET_NEAR                            4                0
 795 SUB                                 4                0
 809 TEST                                8                0
3000 *total                             96                0
3002 *stack-read                         4                0
3010 *mem-read-4                        16                0
3014 *mem-read-8                        12                0
3530 *mem-write-4                       12                0
3534 *mem-write-8                       12                0
#
#
# $rtn-counts rtn[102,check_match] at 0x7fe1322b0fd0
#
#     opcode       count-unpredicated    count-predicated
#
   8 ADD                                 1                0
  23 AND                                 2                0
  58 BT                                  1                0
  67 CALL_NEAR                           2                0
  95 CMOVNZ                              1                0
 100 CMP                                 2                0
 305 JNB                                 1                0
 312 JNZ                                 2                0
 317 JZ                                  1                0
 374 LEA                                 4                0
 411 MOV                                16                0
 452 MOVZX                               2                0
 597 POP                                 5                0
 651 PUSH                                5                0
 718 RET_NEAR                            1                0
 809 TEST                                2                0
3000 *total                             48                0
3002 *stack-read                         6                0
3003 *stack-write                        7                0
3007 *mem-read-1                         1                0
3008 *mem-read-2                         1                0
3010 *mem-read-4                         2                0
3014 *mem-read-8                        14                0
3534 *mem-write-8                        7                0
#
#
# $rtn-counts rtn[103,_dl_lookup_direct] at 0x7fe1322b1090
#
#     opcode       count-unpredicated    count-predicated
#
   8 ADD                                 1                0
  67 CALL_NEAR                           1                0
 148 DIV                                 1                0
 312 JNZ                                 2                0
 317 JZ                                  2                0
 374 LEA                                 1                0
 411 MOV                                21                0
 466 NOP                                 2                0
 597 POP                                 6                0
 651 PUSH                                6                0
 718 RET_NEAR                            1                0
 732 SAR                                 1                0
 770 SHR                                 1                0
 795 SUB                                 2                0
 809 TEST                                3                0
1568 XOR                                 3                0
3000 *total                             54                0
3002 *stack-read                         9                0
3003 *stack-write                        9                0
3010 *mem-read-4                         3                0
3014 *mem-read-8                        12                0
3534 *mem-write-8                        9                0
#
#
# $rtn-counts rtn[105,_dl_sysdep_read_whole_file] at 0x7fe1322b19f0
#
#     opcode       count-unpredicated    count-predicated
#
   8 ADD                                 1                0
  67 CALL_NEAR                           4                0
 303 JMP                                 2                0
 311 JNS                                 1                0
 312 JNZ                                 1                0
 316 JS                                  1                0
 411 MOV                                16                0
 466 NOP                                 1                0
 597 POP                                 4                0
 651 PUSH                                4                0
 718 RET_NEAR                            1                0
 795 SUB                                 1                0
 809 TEST                                3                0
1568 XOR                                 3                0
3000 *total                             43                0
3002 *stack-read                         6                0
3003 *stack-write                        8                0
3014 *mem-read-8                         6                0
3534 *mem-write-8                        9                0
#
#
# $rtn-counts rtn[112,_dl_name_match_p] at 0x7fe1322b1ea0
#
#     opcode       count-unpredicated    count-predicated
#
   8 ADD                                12                0
  67 CALL_NEAR                          27                0
 312 JNZ                                27                0
 317 JZ                                 24                0
 411 MOV                               117                0
 466 NOP                                12                0
 597 POP                                24                0
 651 PUSH                               24                0
 718 RET_NEAR                           12                0
 795 SUB                                12                0
 809 TEST                               51                0
1568 XOR                                 9                0
3000 *total                            351                0
3002 *stack-read                        36                0
3003 *stack-write                       51                0
3014 *mem-read-8                        87                0
3534 *mem-write-8                       51                0
#
#
# $rtn-counts rtn[115,_dl_add_to_namespace_list] at 0x7fe1322b20f0
#
#     opcode       count-unpredicated    count-predicated
#
   8 ADD                                 6                0
  67 CALL_NEAR                           3                0
 303 JMP                                 5                0
 312 JNZ                                 7                0
 374 LEA                                24                0
 411 MOV                                29                0
 466 NOP                                 3                0
 597 POP                                 9                0
 651 PUSH                                9                0
 809 TEST                                7                0
3000 *total                            102                0
3002 *stack-read                        12                0
3003 *stack-write                       15                0
3004 *iprel-read                         9                0
3005 *iprel-write                        6                0
3010 *mem-read-4                         3                0
3014 *mem-read-8                        25                0
3530 *mem-write-4                        3                0
3534 *mem-write-8                       23                0
#
#
# $rtn-counts rtn[116,_dl_new_object] at 0x7fe1322b2190
#
#     opcode       count-unpredicated    count-predicated
#
   8 ADD                                37                0
  23 AND                                 6                0
  67 CALL_NEAR                          11                0
  99 CMOVZ                               1                0
 100 CMP                                50                0
 303 JMP                                10                0
 312 JNZ                                59                0
 317 JZ                                 20                0
 374 LEA                                53                0
 411 MOV                               175                0
 452 MOVZX                               9                0
 466 NOP                                 5                0
 477 OR                                  3                0
 597 POP                                18                0
 651 PUSH                               18                0
 718 RET_NEAR                            3                0
 767 SHL                                 3                0
 795 SUB                                 3                0
 809 TEST                               30                0
1568 XOR                                 3                0
3000 *total                            517                0
3002 *stack-read                        48                0
3003 *stack-write                       81                0
3004 *iprel-read                         8                0
3005 *iprel-write                        4                0
3007 *mem-read-1                        27                0
3010 *mem-read-4                         3                0
3014 *mem-read-8                        47                0
3527 *mem-write-1                        4                0
3530 *mem-write-4                       12                0
3534 *mem-write-8                      109                0
#
#
# $rtn-counts rtn[123,_dl_find_dso_for_object] at 0x7fe1322b2a00
#
#     opcode       count-unpredicated    count-predicated
#
   8 ADD                                 1                0
 100 CMP                                 7                0
 298 JBE                                 2                0
 306 JNBE                                3                0
 312 JNZ                                 4                0
 317 JZ                                  2                0
 374 LEA                                 1                0
 411 MOV                                 5                0
 466 NOP                                 2                0
 597 POP                                 4                0
 651 PUSH                                4                0
 718 RET_NEAR                            1                0
 795 SUB                                 1                0
 809 TEST                                4                0
1568 XOR                                 1                0
3000 *total                             42                0
3002 *stack-read                         5                0
3003 *stack-write                        4                0
3004 *iprel-read                         1                0
3007 *mem-read-1                         1                0
3014 *mem-read-8                        15                0
3534 *mem-write-8                        4                0
#
#
# $rtn-counts rtn[133,_dl_protect_relro] at 0x7fe1322b4620
#
#     opcode       count-unpredicated    count-predicated
#
   8 ADD                                 6                0
  23 AND                                 6                0
  67 CALL_NEAR                           3                0
 100 CMP                                 3                0
 312 JNZ                                 3                0
 316 JS                                  3                0
 411 MOV                                21                0
 464 NEG                                 3                0
 466 NOP                                 3                0
 597 POP                                 3                0
 651 PUSH                                3                0
 718 RET_NEAR                            3                0
 795 SUB                                 3                0
 809 TEST                                3                0
3000 *total                             66                0
3002 *stack-read                         6                0
3003 *stack-write                        6                0
3004 *iprel-read                         3                0
3014 *mem-read-8                        18                0
3534 *mem-write-8                        6                0
#
#
# $rtn-counts rtn[135,_dl_relocate_object] at 0x7fe1322b4760
#
#     opcode       count-unpredicated    count-predicated
#
   8 ADD                              4535                0
  23 AND                               410                0
  67 CALL_NEAR                         134                0
  95 CMOVNZ                             90                0
  99 CMOVZ                             131                0
 100 CMP                              5577                0
 298 JBE                               173                0
 303 JMP                               185                0
 305 JNB                                 4                0
 306 JNBE                             1489                0
 312 JNZ                              1700                0
 317 JZ                               2516                0
 374 LEA                              1017                0
 411 MOV                              9089                0
 413 MOVAPS                             12                0
 449 MOVSXD                            110                0
 452 MOVZX                             747                0
 466 NOP                                 8                0
 477 OR                                166                0
 597 POP                               204                0
 651 PUSH                              204                0
 657 PXOR                                3                0
 718 RET_NEAR                            4                0
 742 SETBE                              73                0
 757 SETZ                               73                0
 770 SHR                               349                0
 795 SUB                               115                0
 809 TEST                              518                0
1568 XOR                               193                0
3000 *total                          29829                0
3002 *stack-read                      1476                0
3003 *stack-write                     1050                0
3004 *iprel-read                        30                0
3005 *iprel-write                        3                0
3007 *mem-read-1                       344                0
3008 *mem-read-2                       340                0
3010 *mem-read-4                      1652                0
3014 *mem-read-8                      5199                0
3527 *mem-write-1                        6                0
3530 *mem-write-4                       98                0
3534 *mem-write-8                     2676                0
3542 *mem-write-16                      12                0
#
#
# $rtn-counts rtn[136,_dl_fixup] at 0x7fe1322b6760
#
#     opcode       count-unpredicated    count-predicated
#
   8 ADD                                36                0
  23 AND                                18                0
  67 CALL_NEAR                          11                0
  99 CMOVZ                               9                0
 100 CMP                                27                0
 303 JMP                                11                0
 312 JNZ                                45                0
 317 JZ                                 54                0
 374 LEA                                54                0
 411 MOV                               308                0
 452 MOVZX                              18                0
 466 NOP                                 9                0
 597 POP                                54                0
 651 PUSH                               54                0
 718 RET_NEAR                            9                0
 770 SHR                                 9                0
 795 SUB                                 9                0
 809 TEST                               81                0
3000 *total                            816                0
3002 *stack-read                        81                0
3003 *stack-write                       85                0
3004 *iprel-read                         9                0
3007 *mem-read-1                        18                0
3008 *mem-read-2                        18                0
3010 *mem-read-4                        45                0
3014 *mem-read-8                       225                0
3534 *mem-write-8                       94                0
#
#
# $rtn-counts rtn[139,dfs_traversal] at 0x7fe1322b6df0
#
#     opcode       count-unpredicated    count-predicated
#
   8 ADD                                14                0
 312 JNZ                                21                0
 317 JZ                                 21                0
 374 LEA                                 7                0
 411 MOV                                73                0
 452 MOVZX                               7                0
 477 OR                                  7                0
 597 POP                                28                0
 651 PUSH                               28                0
 718 RET_NEAR                            7                0
 795 SUB                                 7                0
 809 TEST                               42                0
3000 *total                            262                0
3002 *stack-read                        35                0
3003 *stack-write                       28                0
3007 *mem-read-1                         7                0
3008 *mem-read-2                         7                0
3014 *mem-read-8                        63                0
3527 *mem-write-1                        7                0
3534 *mem-write-8                       42                0
#
#
# $rtn-counts rtn[140,_dl_sort_maps_init] at 0x7fe1322b6ee0
#
#     opcode       count-unpredicated    count-predicated
#
   8 ADD                                 1                0
  67 CALL_NEAR                           1                0
 100 CMP                                 1                0
 374 LEA                                 1                0
 411 MOV                                 2                0
 466 NOP                                 1                0
 718 RET_NEAR                            1                0
 752 SETNZ                               1                0
 795 SUB                                 1                0
1568 XOR                                 2                0
3000 *total                             12                0
3002 *stack-read                         2                0
3003 *stack-write                        1                0
3005 *iprel-write                        1                0
3010 *mem-read-4                         1                0
3014 *mem-read-8                         1                0
3530 *mem-write-4                        1                0
3534 *mem-write-8                        1                0
#
#
# $rtn-counts rtn[141,_dl_sort_maps] at 0x7fe1322b6f10
#
#     opcode       count-unpredicated    count-predicated
#
   8 ADD                                 2                0
  23 AND                                11                0
  67 CALL_NEAR                           9                0
  99 CMOVZ                               2                0
 100 CMP                                13                0
 303 JMP                                 4                0
 311 JNS                                 7                0
 312 JNZ                                11                0
 316 JS                                  7                0
 317 JZ                                  8                0
 374 LEA                                10                0
 411 MOV                                86                0
 449 MOVSXD                              2                0
 466 NOP                                 6                0
 477 OR                                  2                0
 597 POP                                12                0
 651 PUSH                               12                0
 718 RET_NEAR                            2                0
 767 SHL                                 2                0
 770 SHR                                 2                0
 795 SUB                                20                0
 809 TEST                               18                0
3000 *total                            248                0
3002 *stack-read                        35                0
3003 *stack-write                       35                0
3004 *iprel-read                         2                0
3007 *mem-read-1                         9                0
3010 *mem-read-4                         2                0
3014 *mem-read-8                        51                0
3527 *mem-write-1                       11                0
3534 *mem-write-8                       31                0
#
#
# $rtn-counts rtn[142,allocate_dtv] at 0x7fe1322b7490
#
#     opcode       count-unpredicated    count-predicated
#
   8 ADD                                 3                0
  67 CALL_NEAR                           1                0
 317 JZ                                  1                0
 374 LEA                                 1                0
 411 MOV                                 6                0
 597 POP                                 2                0
 651 PUSH                                2                0
 718 RET_NEAR                            1                0
 795 SUB                                 1                0
 809 TEST                                1                0
3000 *total                             19                0
3002 *stack-read                         3                0
3003 *stack-write                        3                0
3004 *iprel-read                         2                0
3005 *iprel-write                        1                0
3014 *mem-read-8                         5                0
3534 *mem-write-8                        5                0
#
#
# $rtn-counts rtn[145,_dl_tls_static_surplus_init] at 0x7fe1322b77e0
#
#     opcode       count-unpredicated    count-predicated
#
   8 ADD                                 2                0
  67 CALL_NEAR                           2                0
  70 CDQE                                1                0
  89 CMOVNBE                             1                0
 100 CMP                                 2                0
 297 JB                                  1                0
 374 LEA                                 4                0
 411 MOV                                 9                0
 466 NOP                                 1                0
 597 POP                                 3                0
 651 PUSH                                3                0
 718 RET_NEAR                            1                0
 767 SHL                                 1                0
 795 SUB                                 2                0
1568 XOR                                 3                0
3000 *total                             36                0
3002 *stack-read                         6                0
3003 *stack-write                        5                0
3005 *iprel-write                        2                0
3014 *mem-read-8                         6                0
3534 *mem-write-8                        7                0
#
#
# $rtn-counts rtn[146,_dl_assign_tls_modid] at 0x7fe1322b7870
#
#     opcode       count-unpredicated    count-predicated
#
   8 ADD                                 1                0
 100 CMP                                 1                0
 312 JNZ                                 1                0
 374 LEA                                 1                0
 411 MOV                                 3                0
 466 NOP                                 1                0
 718 RET_NEAR                            1                0
 795 SUB                                 1                0
3000 *total                             10                0
3002 *stack-read                         1                0
3004 *iprel-read                         2                0
3005 *iprel-write                        1                0
3007 *mem-read-1                         1                0
3014 *mem-read-8                         2                0
3534 *mem-write-8                        2                0
#
#
# $rtn-counts rtn[147,_dl_count_modids] at 0x7fe1322b7990
#
#     opcode       count-unpredicated    count-predicated
#
 100 CMP                                 1                0
 312 JNZ                                 1                0
 411 MOV                                 1                0
 466 NOP                                 1                0
 718 RET_NEAR                            1                0
3000 *total                              5                0
3002 *stack-read                         1                0
3004 *iprel-read                         2                0
3007 *mem-read-1                         1                0
3014 *mem-read-8                         2                0
#
#
# $rtn-counts rtn[148,_dl_determine_tlsoffset] at 0x7fe1322b7a00
#
#     opcode       count-unpredicated    count-predicated
#
   8 ADD                                 8                0
  23 AND                                 1                0
  84 CMOVB                               1                0
 100 CMP                                 5                0
 148 DIV                                 2                0
 273 IMUL                                2                0
 297 JB                                  1                0
 303 JMP                                 1                0
 305 JNB                                 1                0
 312 JNZ                                 1                0
 317 JZ                                  4                0
 374 LEA                                 3                0
 411 MOV                                15                0
 464 NEG                                 1                0
 466 NOP                                 1                0
 597 POP                                 4                0
 651 PUSH                                4                0
 718 RET_NEAR                            1                0
 767 SHL                                 1                0
 795 SUB                                 3                0
 809 TEST                                3                0
1568 XOR                                 6                0
3000 *total                             69                0
3002 *stack-read                         5                0
3003 *stack-write                        4                0
3004 *iprel-read                         2                0
3005 *iprel-write                        3                0
3014 *mem-read-8                        14                0
3534 *mem-write-8                        8                0
#
#
# $rtn-counts rtn[150,_dl_allocate_tls_storage] at 0x7fe1322b7bd0
#
#     opcode       count-unpredicated    count-predicated
#
   8 ADD                                 2                0
  15 ADD_LOCK                            1                0
  23 AND                                 1                0
  67 CALL_NEAR                           2                0
 148 DIV                                 1                0
 273 IMUL                                1                0
 317 JZ                                  2                0
 374 LEA                                 4                0
 411 MOV                                 8                0
 466 NOP                                 1                0
 597 POP                                 3                0
 651 PUSH                                3                0
 718 RET_NEAR                            1                0
 770 SHR                                 1                0
 792 STOSQ                             287                0
 795 SUB                                 2                0
 800 SUB_LOCK                            1                0
 809 TEST                                2                0
1568 XOR                                 2                0
3000 *total                            325                0
3001 *mem-atomic                         2                0
3002 *stack-read                         4                0
3003 *stack-write                        5                0
3004 *iprel-read                         5                0
3005 *iprel-write                        3                0
3010 *mem-read-4                         2                0
3014 *mem-read-8                         7                0
3530 *mem-write-4                        2                0
3534 *mem-write-8                      295                0
#
#
# $rtn-counts rtn[151,_dl_allocate_tls_init] at 0x7fe1322b7ca0
#
#     opcode       count-unpredicated    count-predicated
#
   8 ADD                                 3                0
  23 AND                                 1                0
  67 CALL_NEAR                           4                0
  84 CMOVB                               1                0
 100 CMP                                13                0
 297 JB                                  3                0
 298 JBE                                 1                0
 305 JNB                                 2                0
 306 JNBE                                3                0
 312 JNZ                                 2                0
 317 JZ                                  3                0
 374 LEA                                 5                0
 411 MOV                                29                0
 466 NOP                                 2                0
 597 POP                                 6                0
 651 PUSH                                6                0
 718 RET_NEAR                            1                0
 757 SETZ                                1                0
 767 SHL                                 2                0
 795 SUB                                 3                0
 809 TEST                                3                0
1568 XOR                                 4                0
3000 *total                             98                0
3002 *stack-read                        13                0
3003 *stack-write                       14                0
3004 *iprel-read                         6                0
3005 *iprel-write                        2                0
3007 *mem-read-1                         2                0
3014 *mem-read-8                        30                0
3527 *mem-write-1                        2                0
3534 *mem-write-8                       17                0
#
#
# $rtn-counts rtn[158,_dl_tls_initial_modid_limit_setup] at 0x7fe1322b8360
#
#     opcode       count-unpredicated    count-predicated
#
   8 ADD                                 1                0
 100 CMP                                 1                0
 312 JNZ                                 1                0
 317 JZ                                  4                0
 411 MOV                                 7                0
 466 NOP                                 1                0
 718 RET_NEAR                            1                0
 767 SHL                                 1                0
 809 TEST                                4                0
3000 *total                             21                0
3002 *stack-read                         1                0
3004 *iprel-read                         1                0
3005 *iprel-write                        1                0
3007 *mem-read-1                         1                0
3014 *mem-read-8                         5                0
3534 *mem-write-8                        1                0
#
#
# $rtn-counts rtn[159,_dl_add_to_slotinfo] at 0x7fe1322b83c0
#
#     opcode       count-unpredicated    count-predicated
#
   8 ADD                                 3                0
 100 CMP                                 2                0
 298 JBE                                 1                0
 303 JMP                                 1                0
 312 JNZ                                 2                0
 317 JZ                                  1                0
 411 MOV                                10                0
 466 NOP                                 1                0
 477 OR                                  1                0
 597 POP                                 4                0
 651 PUSH                                4                0
 718 RET_NEAR                            1                0
 767 SHL                                 1                0
 795 SUB                                 1                0
 809 TEST                                2                0
3000 *total                             35                0
3002 *stack-read                         6                0
3003 *stack-write                        6                0
3004 *iprel-read                         2                0
3007 *mem-read-1                         2                0
3014 *mem-read-8                        10                0
3527 *mem-write-1                        1                0
3534 *mem-write-8                        6                0
#
#
# $rtn-counts rtn[161,_dl_check_map_versions] at 0x7fe1322b8570
#
#     opcode       count-unpredicated    count-predicated
#
   8 ADD                               163                0
  23 AND                                83                0
  67 CALL_NEAR                          15                0
  84 CMOVB                              41                0
  99 CMOVZ                               2                0
 100 CMP                                97                0
 298 JBE                                 4                0
 303 JMP                                17                0
 312 JNZ                               139                0
 317 JZ                                109                0
 374 LEA                                94                0
 411 MOV                               586                0
 452 MOVZX                              95                0
 466 NOP                                 8                0
 597 POP                                24                0
 651 PUSH                               24                0
 718 RET_NEAR                            4                0
 795 SUB                                 4                0
 809 TEST                              198                0
1568 XOR                                 4                0
3000 *total                           1711                0
3002 *stack-read                        97                0
3003 *stack-write                       83                0
3004 *iprel-read                         6                0
3005 *iprel-write                        4                0
3007 *mem-read-1                        45                0
3008 *mem-read-2                       106                0
3010 *mem-read-4                       266                0
3014 *mem-read-8                       163                0
3528 *mem-write-2                        4                0
3530 *mem-write-4                       58                0
3534 *mem-write-8                      151                0
#
#
# $rtn-counts rtn[162,_dl_check_all_versions] at 0x7fe1322b8cc0
#
#     opcode       count-unpredicated    count-predicated
#
   8 ADD                                 1                0
  67 CALL_NEAR                           4                0
 303 JMP                                 1                0
 312 JNZ                                 8                0
 317 JZ                                  1                0
 411 MOV                                20                0
 452 MOVZX                               4                0
 466 NOP                                 1                0
 477 OR                                  4                0
 597 POP                                 4                0
 651 PUSH                                4                0
 718 RET_NEAR                            1                0
 752 SETNZ                               4                0
 795 SUB                                 1                0
 809 TEST                               13                0
1568 XOR                                 1                0
3000 *total                             72                0
3002 *stack-read                         5                0
3003 *stack-write                        8                0
3007 *mem-read-1                         4                0
3014 *mem-read-8                         9                0
3534 *mem-write-8                        8                0
#
#
# $rtn-counts rtn[164,_dl_cache_libcmp] at 0x7fe1322b8d40
#
#     opcode       count-unpredicated    count-predicated
#
   8 ADD                                78                0
 100 CMP                               149                0
 298 JBE                                97                0
 306 JNBE                                3                0
 312 JNZ                                87                0
 317 JZ                                 12                0
 374 LEA                               102                0
 411 MOV                                 2                0
 448 MOVSX                             103                0
 464 NEG                                 1                0
 466 NOP                                10                0
 718 RET_NEAR                           10                0
 795 SUB                                11                0
 809 TEST                               50                0
3000 *total                            715                0
3002 *stack-read                        10                0
3007 *mem-read-1                       102                0
3014 *mem-read-8                        10                0
#
#
# $rtn-counts rtn[165,search_cache] at 0x7fe1322b8e10
#
#     opcode       count-unpredicated    count-predicated
#
   8 ADD                                13                0
  23 AND                                 2                0
  67 CALL_NEAR                          13                0
  95 CMOVNZ                              1                0
 100 CMP                                27                0
 273 IMUL                               12                0
 297 JB                                  1                0
 298 JBE                                 2                0
 302 JLE                                 6                0
 303 JMP                                 6                0
 305 JNB                                 9                0
 308 JNLE                                3                0
 311 JNS                                 8                0
 312 JNZ                                 4                0
 316 JS                                  1                0
 317 JZ                                 18                0
 374 LEA                                22                0
 411 MOV                                67                0
 449 MOVSXD                             11                0
 475 NOT                                 1                0
 477 OR                                  1                0
 597 POP                                 6                0
 651 PUSH                                6                0
 718 RET_NEAR                            1                0
 732 SAR                                 9                0
 757 SETZ                                1                0
 770 SHR                                 1                0
 795 SUB                                 3                0
 809 TEST                               17                0
1568 XOR                                 2                0
3000 *total                            274                0
3002 *stack-read                        29                0
3003 *stack-write                       32                0
3004 *iprel-read                         4                0
3010 *mem-read-4                        18                0
3014 *mem-read-8                        25                0
3530 *mem-write-4                        3                0
3534 *mem-write-8                       29                0
#
#
# $rtn-counts rtn[166,_dl_load_cache_lookup] at 0x7fe1322b9620
#
#     opcode       count-unpredicated    count-predicated
#
  23 AND                                 5                0
  67 CALL_NEAR                           5                0
 100 CMP                                 7                0
 297 JB                                  1                0
 298 JBE                                 1                0
 303 JMP                                 2                0
 312 JNZ                                 5                0
 317 JZ                                  7                0
 374 LEA                                 7                0
 375 LEAVE                               1                0
 411 MOV                                27                0
 452 MOVZX                               1                0
 456 MUL                                 1                0
 466 NOP                                 1                0
 477 OR                                  2                0
 651 PUSH                                2                0
 718 RET_NEAR                            1                0
 770 SHR                                 1                0
 795 SUB                                 3                0
 809 TEST                                5                0
1568 XOR                                 2                0
3000 *total                             87                0
3002 *stack-read                         5                0
3003 *stack-write                        9                0
3004 *iprel-read                         5                0
3005 *iprel-write                        2                0
3007 *mem-read-1                         3                0
3010 *mem-read-4                         3                0
3014 *mem-read-8                        10                0
3534 *mem-write-8                       11                0
#
#
# $rtn-counts rtn[167,_dl_unload_cache] at 0x7fe1322b99e0
#
#     opcode       count-unpredicated    count-predicated
#
   8 ADD                                 1                0
  67 CALL_NEAR                           1                0
 100 CMP                                 1                0
 298 JBE                                 1                0
 374 LEA                                 1                0
 411 MOV                                 4                0
 466 NOP                                 1                0
 718 RET_NEAR                            1                0
 795 SUB                                 1                0
3000 *total                             12                0
3002 *stack-read                         1                0
3003 *stack-write                        1                0
3004 *iprel-read                         2                0
3005 *iprel-write                        2                0
3014 *mem-read-8                         3                0
3530 *mem-write-4                        1                0
3534 *mem-write-8                        2                0
#
#
# $rtn-counts rtn[171,__GI___tunables_init] at 0x7fe1322b9b20
#
#     opcode       count-unpredicated    count-predicated
#
   8 ADD                              3539                0
 100 CMP                              4809                0
 303 JMP                               118                0
 312 JNZ                              4892                0
 317 JZ                               3667                0
 374 LEA                              1001                0
 411 MOV                              2742                0
 452 MOVZX                            1867                0
 466 NOP                                56                0
 597 POP                                 6                0
 651 PUSH                                6                0
 718 RET_NEAR                            1                0
 795 SUB                                 1                0
 809 TEST                             3750                0
1568 XOR                                54                0
3000 *total                          26509                0
3002 *stack-read                         7                0
3003 *stack-write                       60                0
3004 *iprel-read                        55                0
3007 *mem-read-1                      3595                0
3010 *mem-read-4                        55                0
3014 *mem-read-8                      1790                0
3534 *mem-write-8                       60                0
#
#
# $rtn-counts rtn[173,__tunable_get_val] at 0x7fe1322ba1d0
#
#     opcode       count-unpredicated    count-predicated
#
 100 CMP                                69                0
 303 JMP                                 7                0
 312 JNZ                                19                0
 317 JZ                                 73                0
 374 LEA                               118                0
 411 MOV                               100                0
 466 NOP                                25                0
 718 RET_NEAR                           25                0
 767 SHL                                25                0
 795 SUB                                68                0
 809 TEST                               23                0
3000 *total                            552                0
3002 *stack-read                        25                0
3007 *mem-read-1                        25                0
3010 *mem-read-4                        25                0
3014 *mem-read-8                        50                0
3530 *mem-write-4                        4                0
3534 *mem-write-8                       21                0
#
#
# $rtn-counts rtn[176,get_common_indices.constprop.1] at 0x7fe1322ba5b0
#
#     opcode       count-unpredicated    count-predicated
#
  23 AND                                 4                0
 100 CMP                                 3                0
 117 CPUID                               3                0
 302 JLE                                 2                0
 317 JZ                                  1                0
 411 MOV                                29                0
 597 POP                                 1                0
 651 PUSH                                1                0
 718 RET_NEAR                            1                0
 770 SHR                                 3                0
1568 XOR                                 1                0
3000 *total                             49                0
3002 *stack-read                         2                0
3003 *stack-write                        1                0
3004 *iprel-read                         2                0
3005 *iprel-write                       12                0
3010 *mem-read-4                         3                0
3014 *mem-read-8                         2                0
3530 *mem-write-4                       16                0
3534 *mem-write-8                        1                0
#
#
# $rtn-counts rtn[177,update_usable.constprop.2] at 0x7fe1322ba6e0
#
#     opcode       count-unpredicated    count-predicated
#
   8 ADD                                 1                0
  23 AND                                12                0
 317 JZ                                  3                0
 411 MOV                                27                0
 477 OR                                 11                0
 597 POP                                 6                0
 651 PUSH                                6                0
 718 RET_NEAR                            1                0
 795 SUB                                 1                0
 809 TEST                                3                0
3000 *total                             71                0
3002 *stack-read                         8                0
3003 *stack-write                        7                0
3004 *iprel-read                        19                0
3005 *iprel-write                        9                0
3010 *mem-read-4                        20                0
3014 *mem-read-8                         7                0
3530 *mem-write-4                       10                0
3534 *mem-write-8                        6                0
#
#
# $rtn-counts rtn[178,init_cpu_features.constprop.0] at 0x7fe1322baaa0
#
#     opcode       count-unpredicated    count-predicated
#
   8 ADD                                 3                0
  23 AND                                10                0
  67 CALL_NEAR                          10                0
 100 CMP                                11                0
 117 CPUID                               5                0
 298 JBE                                 2                0
 303 JMP                                 3                0
 306 JNBE                                2                0
 312 JNZ                                 5                0
 317 JZ                                 14                0
 374 LEA                                 8                0
 411 MOV                                72                0
 449 MOVSXD                              1                0
 477 OR                                  5                0
 597 POP                                 2                0
 651 PUSH                                2                0
 718 RET_NEAR                            1                0
 795 SUB                                 1                0
 802 SYSCALL                             1                0
 809 TEST                                9                0
1568 XOR                                 6                0
3000 *total                            173                0
3002 *stack-read                        13                0
3003 *stack-write                       16                0
3004 *iprel-read                        19                0
3005 *iprel-write                       35                0
3007 *mem-read-1                         3                0
3010 *mem-read-4                        21                0
3014 *mem-read-8                         9                0
3530 *mem-write-4                       31                0
3534 *mem-write-8                       20                0
#
#
# $rtn-counts rtn[179,__x86_cpu_features_ifunc] at 0x7fe1322bb2d0
#
#     opcode       count-unpredicated    count-predicated
#
 317 JZ                                  1                0
 411 MOV                                 1                0
 466 NOP                                 1                0
 718 RET_NEAR                            1                0
 809 TEST                                1                0
1568 XOR                                 1                0
3000 *total                              6                0
3002 *stack-read                         1                0
3004 *iprel-read                         1                0
3010 *mem-read-4                         1                0
3014 *mem-read-8                         1                0
#
#
# $rtn-counts rtn[180,_dl_x86_init_cpu_features] at 0x7fe1322bb300
#
#     opcode       count-unpredicated    count-predicated
#
 303 JMP                                 1                0
 317 JZ                                  1                0
 411 MOV                                 1                0
 466 NOP                                 1                0
 809 TEST                                1                0
3000 *total                              5                0
3004 *iprel-read                         1                0
3010 *mem-read-4                         1                0
#
#
# $rtn-counts rtn[182,dl_cet_check] at 0x7fe1322bb340
#
#     opcode       count-unpredicated    count-predicated
#
   8 ADD                                 1                0
  23 AND                                 3                0
 100 CMP                                 2                0
 312 JNZ                                 1                0
 317 JZ                                  1                0
 411 MOV                                 2                0
 452 MOVZX                               1                0
 597 POP                                 6                0
 651 PUSH                                6                0
 718 RET_NEAR                            1                0
 757 SETZ                                2                0
 770 SHR                                 1                0
 795 SUB                                 1                0
 809 TEST                                1                0
3000 *total                             29                0
3002 *stack-read                         7                0
3003 *stack-write                        6                0
3004 *iprel-read                         2                0
3007 *mem-read-1                         1                0
3010 *mem-read-4                         1                0
3014 *mem-read-8                         7                0
3534 *mem-write-8                        6                0
#
#
# $rtn-counts rtn[184,_dl_cet_check] at 0x7fe1322bb790
#
#     opcode       count-unpredicated    count-predicated
#
 303 JMP                                 1                0
 466 NOP                                 1                0
3000 *total                              2                0
#
#
# $rtn-counts rtn[185,_dl_audit_activity_map] at 0x7fe1322bb7a0
#
#     opcode       count-unpredicated    count-predicated
#
   8 ADD                                 1                0
 317 JZ                                  1                0
 411 MOV                                 2                0
 466 NOP                                 1                0
 597 POP                                 4                0
 651 PUSH                                4                0
 718 RET_NEAR                            1                0
 795 SUB                                 1                0
 809 TEST                                1                0
3000 *total                             16                0
3002 *stack-read                         5                0
3003 *stack-write                        4                0
3004 *iprel-read                         2                0
3010 *mem-read-4                         1                0
3014 *mem-read-8                         6                0
3534 *mem-write-8                        4                0
#
#
# $rtn-counts rtn[186,_dl_audit_activity_nsid] at 0x7fe1322bb810
#
#     opcode       count-unpredicated    count-predicated
#
   8 ADD                                 3                0
 317 JZ                                  3                0
 374 LEA                                 9                0
 411 MOV                                 6                0
 466 NOP                                 3                0
 597 POP                                12                0
 651 PUSH                               12                0
 718 RET_NEAR                            3                0
 795 SUB                                 3                0
 809 TEST                                3                0
3000 *total                             57                0
3002 *stack-read                        15                0
3003 *stack-write                       12                0
3004 *iprel-read                         3                0
3010 *mem-read-4                         3                0
3014 *mem-read-8                        18                0
3534 *mem-write-8                       12                0
#
#
# $rtn-counts rtn[188,_dl_audit_objopen] at 0x7fe1322bb930
#
#     opcode       count-unpredicated    count-predicated
#
 312 JNZ                                 2                0
 411 MOV                                 2                0
 466 NOP                                 2                0
 718 RET_NEAR                            2                0
 809 TEST                                2                0
3000 *total                             10                0
3002 *stack-read                         2                0
3004 *iprel-read                         2                0
3010 *mem-read-4                         2                0
3014 *mem-read-8                         2                0
#
#
# $rtn-counts rtn[189,_dl_audit_objclose] at 0x7fe1322bb9b0
#
#     opcode       count-unpredicated    count-predicated
#
 312 JNZ                                 3                0
 411 MOV                                 3                0
 466 NOP                                 3                0
 718 RET_NEAR                            3                0
 809 TEST                                3                0
3000 *total                             15                0
3002 *stack-read                         3                0
3004 *iprel-read                         3                0
3010 *mem-read-4                         3                0
3014 *mem-read-8                         3                0
#
#
# $rtn-counts rtn[190,_dl_audit_preinit] at 0x7fe1322bba20
#
#     opcode       count-unpredicated    count-predicated
#
 312 JNZ                                 1                0
 411 MOV                                 1                0
 466 NOP                                 1                0
 718 RET_NEAR                            1                0
 809 TEST                                1                0
3000 *total                              5                0
3002 *stack-read                         1                0
3004 *iprel-read                         1                0
3010 *mem-read-4                         1                0
3014 *mem-read-8                         1                0
#
#
# $rtn-counts rtn[210,_dl_next_ld_env_entry] at 0x7fe1322bddb0
#
#     opcode       count-unpredicated    count-predicated
#
   8 ADD                                55                0
 100 CMP                                63                0
 312 JNZ                                65                0
 317 JZ                                 53                0
 411 MOV                                58                0
 466 NOP                                 2                0
 718 RET_NEAR                            2                0
 809 TEST                               55                0
3000 *total                            353                0
3002 *stack-read                         2                0
3007 *mem-read-1                        63                0
3014 *mem-read-8                        59                0
3534 *mem-write-8                        1                0
#
#
# $rtn-counts rtn[217,_dl_catch_exception] at 0x7fe1322be0d0
#
#     opcode       count-unpredicated    count-predicated
#
   8 ADD                                 2                0
  67 CALL_NEAR                           4                0
 312 JNZ                                 2                0
 317 JZ                                  2                0
 374 LEA                                 6                0
 411 MOV                                34                0
 451 MOVUPS                              2                0
 466 NOP                                 4                0
 597 POP                                 2                0
 651 PUSH                                2                0
 657 PXOR                                2                0
 718 RET_NEAR                            2                0
 795 SUB                                 2                0
 809 TEST                                4                0
1568 XOR                                 2                0
3000 *total                             72                0
3002 *stack-read                        14                0
3003 *stack-write                       18                0
3004 *iprel-read                         2                0
3005 *iprel-write                        4                0
3014 *mem-read-8                        16                0
3534 *mem-write-8                       24                0
3542 *mem-write-16                       2                0
#
#
# $rtn-counts rtn[219,_dl_receive_error] at 0x7fe1322be210
#
#     opcode       count-unpredicated    count-predicated
#
   8 ADD                                 1                0
  67 CALL_NEAR                           1                0
 411 MOV                                 7                0
 466 NOP                                 1                0
 597 POP                                 2                0
 651 PUSH                                2                0
 718 RET_NEAR                            1                0
 795 SUB                                 1                0
3000 *total                             16                0
3002 *stack-read                         3                0
3003 *stack-write                        3                0
3004 *iprel-read                         2                0
3005 *iprel-write                        4                0
3014 *mem-read-8                         5                0
3534 *mem-write-8                        7                0
#
#
# $rtn-counts rtn[221,update_hwcaps_counts] at 0x7fe1322be270
#
#     opcode       count-unpredicated    count-predicated
#
   8 ADD                                 4                0
  67 CALL_NEAR                           3                0
 100 CMP                                 1                0
 303 JMP                                 3                0
 306 JNBE                                1                0
 312 JNZ                                 3                0
 411 MOV                                17                0
 597 POP                                 4                0
 651 PUSH                                4                0
 718 RET_NEAR                            2                0
 795 SUB                                 2                0
 809 TEST                                3                0
3000 *total                             47                0
3002 *stack-read                         7                0
3003 *stack-write                       15                0
3014 *mem-read-8                        10                0
3530 *mem-write-4                        2                0
3534 *mem-write-8                       16                0
#
#
# $rtn-counts rtn[222,copy_hwcaps.isra.1] at 0x7fe1322be2d0
#
#     opcode       count-unpredicated    count-predicated
#
   8 ADD                                 6                0
  67 CALL_NEAR                           4                0
 303 JMP                                 2                0
 312 JNZ                                 3                0
 411 MOV                                33                0
 597 POP                                 8                0
 651 PUSH                                8                0
 718 RET_NEAR                            2                0
 795 SUB                                 2                0
 809 TEST                                3                0
3000 *total                             71                0
3002 *stack-read                        14                0
3003 *stack-write                       21                0
3014 *mem-read-8                        16                0
3527 *mem-write-1                        2                0
3530 *mem-write-4                        3                0
3534 *mem-write-8                       23                0
#
#
# $rtn-counts rtn[223,_dl_important_hwcaps] at 0x7fe1322be370
#
#     opcode       count-unpredicated    count-predicated
#
   8 ADD                                64                0
  23 AND                                 5                0
  58 BT                                  4                0
  67 CALL_NEAR                          17                0
  89 CMOVNBE                             1                0
 100 CMP                                25                0
 297 JB                                  8                0
 298 JBE                                 2                0
 303 JMP                                 7                0
 305 JNB                                 4                0
 312 JNZ                                46                0
 317 JZ                                 30                0
 374 LEA                                42                0
 411 MOV                               252                0
 413 MOVAPS                              1                0
 449 MOVSXD                             10                0
 452 MOVZX                               1                0
 464 NEG                                 3                0
 466 NOP                                 8                0
 477 OR                                  1                0
 597 POP                                 6                0
 651 PUSH                                6                0
 657 PXOR                                1                0
 718 RET_NEAR                            1                0
 752 SETNZ                               1                0
 767 SHL                                35                0
 795 SUB                                47                0
 809 TEST                               54                0
1568 XOR                                10                0
3000 *total                            692                0
3002 *stack-read                        61                0
3003 *stack-write                       62                0
3004 *iprel-read                         8                0
3005 *iprel-write                        4                0
3007 *mem-read-1                         1                0
3010 *mem-read-4                         6                0
3014 *mem-read-8                       102                0
3527 *mem-write-1                        5                0
3530 *mem-write-4                        8                0
3534 *mem-write-8                       94                0
3542 *mem-write-16                       1                0
#
#
# $rtn-counts rtn[224,_dl_hwcaps_subdirs_active] at 0x7fe1322bec60
#
#     opcode       count-unpredicated    count-predicated
#
  23 AND                                 3                0
 100 CMP                                 1                0
 312 JNZ                                 1                0
 317 JZ                                  3                0
 411 MOV                                 6                0
 466 NOP                                 1                0
 718 RET_NEAR                            1                0
 809 TEST                                1                0
1568 XOR                                 1                0
3000 *total                             18                0
3002 *stack-read                         1                0
3004 *iprel-read                         2                0
3010 *mem-read-4                         2                0
3014 *mem-read-8                         1                0
#
#
# $rtn-counts rtn[225,_dl_hwcaps_split.part.1] at 0x7fe1322bed00
#
#     opcode       count-unpredicated    count-predicated
#
   8 ADD                                18                0
  67 CALL_NEAR                          12                0
 100 CMP                                18                0
 312 JNZ                                12                0
 317 JZ                                 27                0
 374 LEA                                 6                0
 411 MOV                                72                0
 452 MOVZX                              18                0
 466 NOP                                 6                0
 597 POP                                24                0
 651 PUSH                               24                0
 718 RET_NEAR                           12                0
 795 SUB                                18                0
 809 TEST                               21                0
1568 XOR                                12                0
3000 *total                            300                0
3002 *stack-read                        36                0
3003 *stack-write                       45                0
3007 *mem-read-1                        18                0
3014 *mem-read-8                        48                0
3534 *mem-write-8                       51                0
#
#
# $rtn-counts rtn[226,_dl_hwcaps_split] at 0x7fe1322bed80
#
#     opcode       count-unpredicated    count-predicated
#
 317 JZ                                  1                0
 411 MOV                                 1                0
 466 NOP                                 1                0
 718 RET_NEAR                            1                0
 809 TEST                                1                0
1568 XOR                                 1                0
3000 *total                              6                0
3002 *stack-read                         1                0
3014 *mem-read-8                         2                0
#
#
# $rtn-counts rtn[227,_dl_hwcaps_contains] at 0x7fe1322bedb0
#
#     opcode       count-unpredicated    count-predicated
#
 317 JZ                                  3                0
 411 MOV                                 3                0
 466 NOP                                 3                0
 718 RET_NEAR                            3                0
 809 TEST                                3                0
3000 *total                             15                0
3002 *stack-read                         3                0
3014 *mem-read-8                         3                0
#
#
# $rtn-counts rtn[228,_dl_hwcaps_split_masked] at 0x7fe1322bee50
#
#     opcode       count-unpredicated    count-predicated
#
   8 ADD                                12                0
  67 CALL_NEAR                          15                0
 317 JZ                                 38                0
 411 MOV                                82                0
 466 NOP                                 8                0
 597 POP                                 8                0
 651 PUSH                                8                0
 718 RET_NEAR                            8                0
 770 SHR                                 9                0
 809 TEST                               38                0
1568 XOR                                 5                0
3000 *total                            231                0
3002 *stack-read                        16                0
3003 *stack-write                       23                0
3010 *mem-read-4                         9                0
3014 *mem-read-8                        51                0
3530 *mem-write-4                        9                0
3534 *mem-write-8                       35                0
#
#
# $rtn-counts rtn[229,rtld_calloc] at 0x7fe1322beeb0
#
#     opcode       count-unpredicated    count-predicated
#
 100 CMP                                 9                0
 273 IMUL                                9                0
 298 JBE                                 9                0
 303 JMP                                 9                0
 411 MOV                                27                0
 466 NOP                                 9                0
 477 OR                                  9                0
3000 *total                             81                0
3004 *iprel-read                         9                0
3014 *mem-read-8                         9                0
#
#
# $rtn-counts rtn[230,rtld_malloc] at 0x7fe1322beef0
#
#     opcode       count-unpredicated    count-predicated
#
   8 ADD                                31                0
  23 AND                                28                0
  67 CALL_NEAR                           2                0
 100 CMP                                52                0
 303 JMP                                 1                0
 305 JNB                                25                0
 306 JNBE                               23                0
 312 JNZ                                 2                0
 317 JZ                                 29                0
 374 LEA                                31                0
 411 MOV                               192                0
 464 NEG                                26                0
 466 NOP                                25                0
 597 POP                                 4                0
 651 PUSH                                4                0
 718 RET_NEAR                           25                0
 795 SUB                                 2                0
 809 TEST                               25                0
1568 XOR                                 4                0
3000 *total                            531                0
3002 *stack-read                        29                0
3003 *stack-write                        6                0
3004 *iprel-read                        54                0
3005 *iprel-write                       78                0
3014 *mem-read-8                        83                0
3534 *mem-write-8                       84                0
#
#
# $rtn-counts rtn[231,rtld_free] at 0x7fe1322bf020
#
#     opcode       count-unpredicated    count-predicated
#
 100 CMP                                 5                0
 317 JZ                                  5                0
 411 MOV                                 5                0
 466 NOP                                 5                0
 718 RET_NEAR                            5                0
3000 *total                             25                0
3002 *stack-read                         5                0
3004 *iprel-read                         5                0
3014 *mem-read-8                        10                0
#
#
# $rtn-counts rtn[232,__rtld_malloc_init_stubs] at 0x7fe1322bf060
#
#     opcode       count-unpredicated    count-predicated
#
 374 LEA                                 4                0
 411 MOV                                 4                0
 466 NOP                                 1                0
 718 RET_NEAR                            1                0
3000 *total                             10                0
3002 *stack-read                         1                0
3005 *iprel-write                        4                0
3014 *mem-read-8                         1                0
3534 *mem-write-8                        4                0
#
#
# $rtn-counts rtn[240,lookup_malloc_symbol] at 0x7fe1322bf2f0
#
#     opcode       count-unpredicated    count-predicated
#
   8 ADD                                 8                0
  23 AND                                 4                0
  67 CALL_NEAR                           4                0
 100 CMP                                12                0
 312 JNZ                                 4                0
 317 JZ                                 16                0
 411 MOV                                52                0
 452 MOVZX                               4                0
 597 POP                                20                0
 651 PUSH                               20                0
 718 RET_NEAR                            4                0
 795 SUB                                 4                0
 809 TEST                                8                0
1568 XOR                                 4                0
3000 *total                            164                0
3002 *stack-read                        36                0
3003 *stack-write                       32                0
3004 *iprel-read                         4                0
3007 *mem-read-1                         4                0
3008 *mem-read-2                         4                0
3010 *mem-read-4                         4                0
3014 *mem-read-8                        44                0
3534 *mem-write-8                       32                0
#
#
# $rtn-counts rtn[241,__rtld_malloc_init_real] at 0x7fe1322bf3c0
#
#     opcode       count-unpredicated    count-predicated
#
   8 ADD                                13                0
  23 AND                                 7                0
  67 CALL_NEAR                           4                0
 303 JMP                                 5                0
 317 JZ                                  6                0
 374 LEA                                 6                0
 411 MOV                                30                0
 452 MOVZX                              10                0
 466 NOP                                 1                0
 597 POP                                 5                0
 651 PUSH                                5                0
 718 RET_NEAR                            1                0
 767 SHL                                 6                0
 770 SHR                                 6                0
 795 SUB                                 1                0
 809 TEST                                6                0
1568 XOR                                 6                0
3000 *total                            118                0
3002 *stack-read                         6                0
3003 *stack-write                       13                0
3005 *iprel-write                        4                0
3007 *mem-read-1                         5                0
3014 *mem-read-8                         6                0
3530 *mem-write-4                        2                0
3534 *mem-write-8                       15                0
#
#
# $rtn-counts rtn[244,strsep] at 0x7fe1322bf580
#
#     opcode       count-unpredicated    count-predicated
#
   8 ADD                               405                0
 100 CMP                               273                0
 303 JMP                               139                0
 312 JNZ                               408                0
 317 JZ                                284                0
 374 LEA                                 3                0
 411 MOV                               291                0
 452 MOVZX                             414                0
 466 NOP                                 8                0
 718 RET_NEAR                            5                0
 809 TEST                              419                0
1568 XOR                                 1                0
3000 *total                           2650                0
3002 *stack-read                         5                0
3007 *mem-read-1                       414                0
3014 *mem-read-8                        10                0
3527 *mem-write-1                        3                0
3534 *mem-write-8                        4                0
#
#
# $rtn-counts rtn[248,_dl_sysdep_start] at 0x7fe1322c0230
#
#     opcode       count-unpredicated    count-predicated
#
   8 ADD                                95                0
  67 CALL_NEAR                           7                0
  70 CDQE                                1                0
 100 CMP                                82                0
 303 JMP                                30                0
 306 JNBE                               20                0
 312 JNZ                                75                0
 317 JZ                                 14                0
 374 LEA                                 6                0
 411 MOV                                96                0
 449 MOVSXD                             19                0
 452 MOVZX                               1                0
 466 NOP                                 3                0
 597 POP                                 6                0
 651 PUSH                                6                0
 718 RET_NEAR                            1                0
 795 SUB                                21                0
 809 TEST                               27                0
1568 XOR                                 9                0
3000 *total                            519                0
3002 *stack-read                        19                0
3003 *stack-write                       37                0
3004 *iprel-read                        11                0
3005 *iprel-write                       15                0
3007 *mem-read-1                         6                0
3008 *mem-read-2                         1                0
3010 *mem-read-4                        26                0
3014 *mem-read-8                       104                0
3527 *mem-write-1                       11                0
3528 *mem-write-2                        1                0
3530 *mem-write-4                        5                0
3534 *mem-write-8                       35                0
#
#
# $rtn-counts rtn[249,_dl_sysdep_start_cleanup] at 0x7fe1322c05c0
#
#     opcode       count-unpredicated    count-predicated
#
 466 NOP                                 1                0
 718 RET_NEAR                            1                0
3000 *total                              2                0
3002 *stack-read                         1                0
3014 *mem-read-8                         1                0
#
#
# $rtn-counts rtn[251,_dl_discover_osversion] at 0x7fe1322c0770
#
#     opcode       count-unpredicated    count-predicated
#
   8 ADD                                 6                0
 100 CMP                                 7                0
 298 JBE                                 1                0
 303 JMP                                 2                0
 312 JNZ                                 5                0
 317 JZ                                  4                0
 374 LEA                                 1                0
 411 MOV                                10                0
 452 MOVZX                               1                0
 466 NOP                                 1                0
 477 OR                                  1                0
 597 POP                                 3                0
 651 PUSH                                3                0
 718 RET_NEAR                            1                0
 795 SUB                                 2                0
 809 TEST                                2                0
1568 XOR                                 3                0
3000 *total                             53                0
3002 *stack-read                         4                0
3003 *stack-write                        3                0
3004 *iprel-read                         3                0
3008 *mem-read-2                         1                0
3010 *mem-read-4                         6                0
3014 *mem-read-8                        13                0
3534 *mem-write-8                        3                0
#
#
# $rtn-counts rtn[256,_dl_help] at 0x7fe1322c0ab0
#
#     opcode       count-unpredicated    count-predicated
#
  23 AND                                 1                0
  67 CALL_NEAR                           2                0
 303 JMP                                 1                0
 374 LEA                                 4                0
 411 MOV                                 7                0
 597 POP                                 1                0
 651 PUSH                                1                0
 795 SUB                                 1                0
1568 XOR                                 1                0
3000 *total                             19                0
3002 *stack-read                         1                0
3003 *stack-write                        3                0
3004 *iprel-read                         2                0
3010 *mem-read-4                         1                0
3014 *mem-read-8                         2                0
3534 *mem-write-8                        3                0
#
#
# $rtn-counts rtn[257,rtld_lock_default_lock_recursive] at 0x7fe1322c0f60
#
#     opcode       count-unpredicated    count-predicated
#
   8 ADD                                 6                0
 466 NOP                                 6                0
 718 RET_NEAR                            6                0
3000 *total                             18                0
3002 *stack-read                         6                0
3010 *mem-read-4                         6                0
3014 *mem-read-8                         6                0
3530 *mem-write-4                        6                0
#
#
# $rtn-counts rtn[258,rtld_lock_default_unlock_recursive] at 0x7fe1322c0f70
#
#     opcode       count-unpredicated    count-predicated
#
 466 NOP                                 6                0
 718 RET_NEAR                            6                0
 795 SUB                                 6                0
3000 *total                             18                0
3002 *stack-read                         6                0
3010 *mem-read-4                         6                0
3014 *mem-read-8                         6                0
3530 *mem-write-4                        6                0
#
#
# $rtn-counts rtn[269,init_tls] at 0x7fe1322c1630
#
#     opcode       count-unpredicated    count-predicated
#
   8 ADD                                 3                0
  67 CALL_NEAR                           5                0
 100 CMP                                 7                0
 312 JNZ                                 8                0
 317 JZ                                  6                0
 374 LEA                                 2                0
 411 MOV                                29                0
 449 MOVSXD                              1                0
 466 NOP                                 1                0
 597 POP                                 2                0
 651 PUSH                                2                0
 718 RET_NEAR                            1                0
 767 SHL                                 2                0
 795 SUB                                 1                0
 802 SYSCALL                             1                0
 809 TEST                                7                0
1568 XOR                                 2                0
3000 *total                             80                0
3002 *stack-read                         3                0
3003 *stack-write                        7                0
3004 *iprel-read                         6                0
3005 *iprel-write                        5                0
3014 *mem-read-8                        18                0
3527 *mem-write-1                        1                0
3534 *mem-write-8                       15                0
#
#
# $rtn-counts rtn[272,version_check_doit] at 0x7fe1322c1880
#
#     opcode       count-unpredicated    count-predicated
#
  67 CALL_NEAR                           1                0
 317 JZ                                  1                0
 411 MOV                                 4                0
 466 NOP                                 1                0
 597 POP                                 1                0
 651 PUSH                                1                0
 718 RET_NEAR                            1                0
 809 TEST                                1                0
3000 *total                             11                0
3002 *stack-read                         2                0
3003 *stack-write                        2                0
3004 *iprel-read                         1                0
3010 *mem-read-4                         1                0
3014 *mem-read-8                         3                0
3534 *mem-write-8                        2                0
#
#
# $rtn-counts rtn[275,_dl_start] at 0x7fe1322c1bf0
#
#     opcode       count-unpredicated    count-predicated
#
   8 ADD                               212                0
  23 AND                                 6                0
  67 CALL_NEAR                           3                0
  95 CMOVNZ                              1                0
 100 CMP                               161                0
 297 JB                                 50                0
 298 JBE                                28                0
 303 JMP                                13                0
 305 JNB                                 1                0
 306 JNBE                               14                0
 312 JNZ                                57                0
 317 JZ                                 62                0
 374 LEA                                27                0
 411 MOV                               291                0
 449 MOVSXD                              5                0
 452 MOVZX                              12                0
 464 NEG                                 1                0
 466 NOP                                 2                0
 477 OR                                  3                0
 597 POP                                 6                0
 651 PUSH                                6                0
 672 RDTSC                               2                0
 718 RET_NEAR                            1                0
 732 SAR                                 1                0
 767 SHL                                 2                0
 770 SHR                                 6                0
 795 SUB                                21                0
 809 TEST                               52                0
1568 XOR                                 6                0
3000 *total                           1052                0
3002 *stack-read                         7                0
3003 *stack-write                        9                0
3004 *iprel-read                        31                0
3005 *iprel-write                       10                0
3007 *mem-read-1                         8                0
3008 *mem-read-2                         6                0
3010 *mem-read-4                        55                0
3014 *mem-read-8                       196                0
3527 *mem-write-1                        1                0
3534 *mem-write-8                      101                0
#
#
# $rtn-counts rtn[277,dl_main] at 0x7fe1322c22c0
#
#     opcode       count-unpredicated    count-predicated
#
   8 ADD                               102                0
  23 AND                                 7                0
  67 CALL_NEAR                          37                0
  70 CDQE                                1                0
  99 CMOVZ                               1                0
 100 CMP                               182                0
 297 JB                                  3                0
 298 JBE                                61                0
 302 JLE                                 1                0
 303 JMP                                18                0
 305 JNB                                13                0
 306 JNBE                                7                0
 312 JNZ                                71                0
 316 JS                                  1                0
 317 JZ                                151                0
 374 LEA                                58                0
 411 MOV                               443                0
 421 MOVDQU                              1                0
 449 MOVSXD                              4                0
 451 MOVUPS                              1                0
 452 MOVZX                              18                0
 464 NEG                                 4                0
 466 NOP                                 7                0
 477 OR                                 12                0
 597 POP                                 6                0
 651 PUSH                                6                0
 672 RDTSC                               6                0
 718 RET_NEAR                            1                0
 732 SAR                                 2                0
 752 SETNZ                               4                0
 757 SETZ                                4                0
 767 SHL                                10                0
 770 SHR                                 1                0
 795 SUB                                33                0
 809 TEST                              119                0
1568 XOR                                34                0
3000 *total                           1430                0
3002 *stack-read                        37                0
3003 *stack-write                       76                0
3004 *iprel-read                        57                0
3005 *iprel-write                       40                0
3007 *mem-read-1                        33                0
3008 *mem-read-2                         5                0
3010 *mem-read-4                        35                0
3014 *mem-read-8                       231                0
3022 *mem-read-16                        1                0
3527 *mem-write-1                       14                0
3528 *mem-write-2                        5                0
3530 *mem-write-4                       17                0
3534 *mem-write-8                      179                0
3542 *mem-write-16                       1                0
#
#
# $rtn-counts rtn[278,__brk] at 0x7fe1322c5fb0
#
#     opcode       count-unpredicated    count-predicated
#
 100 CMP                                 2                0
 306 JNBE                                2                0
 411 MOV                                 2                0
 466 NOP                                 1                0
 718 RET_NEAR                            1                0
 802 SYSCALL                             1                0
1568 XOR                                 1                0
3000 *total                             10                0
3002 *stack-read                         1                0
3005 *iprel-write                        1                0
3014 *mem-read-8                         1                0
3534 *mem-write-8                        1                0
#
#
# $rtn-counts rtn[279,sbrk] at 0x7fe1322c6000
#
#     opcode       count-unpredicated    count-predicated
#
   8 ADD                                 1                0
 312 JNZ                                 1                0
 317 JZ                                  2                0
 411 MOV                                 4                0
 466 NOP                                 1                0
 597 POP                                 2                0
 651 PUSH                                2                0
 718 RET_NEAR                            1                0
 795 SUB                                 1                0
 809 TEST                                3                0
3000 *total                             18                0
3002 *stack-read                         3                0
3003 *stack-write                        2                0
3004 *iprel-read                         2                0
3010 *mem-read-4                         1                0
3014 *mem-read-8                         4                0
3534 *mem-write-8                        2                0
#
#
# $rtn-counts rtn[296,_xstat] at 0x7fe1322c6b90
#
#     opcode       count-unpredicated    count-predicated
#
 100 CMP                                36                0
 306 JNBE                               36                0
 411 MOV                               104                0
 464 NEG                                16                0
 466 NOP                                18                0
 718 RET_NEAR                           18                0
 802 SYSCALL                            18                0
3000 *total                            246                0
3002 *stack-read                        18                0
3005 *iprel-write                       16                0
3014 *mem-read-8                        18                0
3530 *mem-write-4                       16                0
#
#
# $rtn-counts rtn[297,__GI___fxstat] at 0x7fe1322c6be0
#
#     opcode       count-unpredicated    count-predicated
#
 100 CMP                                 4                0
 306 JNBE                                4                0
 411 MOV                                 8                0
 466 NOP                                 2                0
 718 RET_NEAR                            2                0
 802 SYSCALL                             2                0
3000 *total                             22                0
3002 *stack-read                         2                0
3014 *mem-read-8                         2                0
#
#
# $rtn-counts rtn[299,lseek64] at 0x7fe1322c6c70
#
#     opcode       count-unpredicated    count-predicated
#
 100 CMP                                 1                0
 306 JNBE                                1                0
 411 MOV                                 1                0
 466 NOP                                 1                0
 718 RET_NEAR                            1                0
 802 SYSCALL                             1                0
3000 *total                              6                0
3002 *stack-read                         1                0
3014 *mem-read-8                         1                0
#
#
# $rtn-counts rtn[300,access] at 0x7fe1322c6ca0
#
#     opcode       count-unpredicated    count-predicated
#
 100 CMP                                 1                0
 306 JNBE                                1                0
 411 MOV                                 3                0
 464 NEG                                 1                0
 466 NOP                                 1                0
 718 RET_NEAR                            1                0
 802 SYSCALL                             1                0
3000 *total                              9                0
3002 *stack-read                         1                0
3005 *iprel-write                        1                0
3014 *mem-read-8                         1                0
3530 *mem-write-4                        1                0
#
#
# $rtn-counts rtn[301,__GI___close_nocancel] at 0x7fe1322c6cd0
#
#     opcode       count-unpredicated    count-predicated
#
 100 CMP                                 2                0
 306 JNBE                                2                0
 411 MOV                                 2                0
 466 NOP                                 2                0
 718 RET_NEAR                            2                0
 802 SYSCALL                             2                0
3000 *total                             12                0
3002 *stack-read                         2                0
3014 *mem-read-8                         2                0
#
#
# $rtn-counts rtn[304,__open_nocancel] at 0x7fe1322c6da0
#
#     opcode       count-unpredicated    count-predicated
#
  23 AND                                58                0
 100 CMP                                58                0
 306 JNBE                               29                0
 312 JNZ                                29                0
 317 JZ                                 29                0
 411 MOV                               257                0
 464 NEG                                27                0
 466 NOP                                29                0
 718 RET_NEAR                           29                0
 802 SYSCALL                            29                0
3000 *total                            574                0
3002 *stack-read                        29                0
3003 *stack-write                       29                0
3005 *iprel-write                       27                0
3014 *mem-read-8                        29                0
3530 *mem-write-4                       27                0
3534 *mem-write-8                       29                0
#
#
# $rtn-counts rtn[306,__GI___read_nocancel] at 0x7fe1322c6e90
#
#     opcode       count-unpredicated    count-predicated
#
 100 CMP                                 2                0
 306 JNBE                                2                0
 466 NOP                                 2                0
 718 RET_NEAR                            2                0
 802 SYSCALL                             2                0
1568 XOR                                 2                0
3000 *total                             12                0
3002 *stack-read                         2                0
3014 *mem-read-8                         2                0
#
#
# $rtn-counts rtn[308,__libc_scratch_buffer_set_array_size] at 0x7fe1322c6ef0
#
#     opcode       count-unpredicated    count-predicated
#
 100 CMP                                 1                0
 273 IMUL                                1                0
 305 JNB                                 1                0
 317 JZ                                  1                0
 411 MOV                                 4                0
 466 NOP                                 1                0
 477 OR                                  1                0
 597 POP                                 3                0
 651 PUSH                                3                0
 718 RET_NEAR                            1                0
 770 SHR                                 1                0
3000 *total                             18                0
3002 *stack-read                         4                0
3003 *stack-write                        3                0
3014 *mem-read-8                         5                0
3534 *mem-write-8                        3                0
#
#
# $rtn-counts rtn[309,__mmap] at 0x7fe1322c6fa0
#
#     opcode       count-unpredicated    count-predicated
#
 100 CMP                                 6                0
 306 JNBE                                6                0
 312 JNZ                                 6                0
 317 JZ                                 11                0
 411 MOV                                78                0
 466 NOP                                 6                0
 597 POP                                36                0
 651 PUSH                               36                0
 718 RET_NEAR                            6                0
 802 SYSCALL                             6                0
 809 TEST                               17                0
3000 *total                            214                0
3002 *stack-read                        42                0
3003 *stack-write                       36                0
3004 *iprel-read                         1                0
3007 *mem-read-1                         1                0
3014 *mem-read-8                        42                0
3534 *mem-write-8                       36                0
#
#
# $rtn-counts rtn[314,__strdup] at 0x7fe1322c72a0
#
#     opcode       count-unpredicated    count-predicated
#
   8 ADD                                 3                0
  67 CALL_NEAR                           9                0
 317 JZ                                  3                0
 374 LEA                                 3                0
 411 MOV                                24                0
 466 NOP                                 3                0
 597 POP                                 6                0
 651 PUSH                                6                0
 718 RET_NEAR                            3                0
 795 SUB                                 3                0
 809 TEST                                3                0
3000 *total                             66                0
3002 *stack-read                         9                0
3003 *stack-write                       15                0
3004 *iprel-read                         3                0
3005 *iprel-write                        3                0
3014 *mem-read-8                        12                0
3534 *mem-write-8                       15                0
#
#
# $dynamic-counts
#
#     opcode       count-unpredicated    count-predicated
#
   8 ADD                          11098488                0
  15 ADD_LOCK                            3                0
  23 AND                           5029913                0
  55 BSF                               381                0
  56 BSR                                 3                0
  58 BT                             131182                0
  67 CALL_NEAR                     1053845                0
  70 CDQE                              101                0
  84 CMOVB                              53                0
  85 CMOVBE                            192                0
  87 CMOVLE                              2                0
  89 CMOVNBE                            27                0
  94 CMOVNS                              1                0
  95 CMOVNZ                         131462                0
  98 CMOVS                              87                0
  99 CMOVZ                             254                0
 100 CMP                          27170607                0
 103 CMPSB                              10                0
 109 CMPXCHG                        131169                0
 114 CMPXCHG_LOCK                        6                0
 117 CPUID                              25                0
 118 CQO                                 1                0
 146 DEC                            131169                0
 147 DEC_LOCK                            2                0
 148 DIV                               120                0
 256 FXRSTOR                             9                0
 258 FXSAVE                              9                0
 272 IDIV                                1                0
 273 IMUL                          1006109                0
 297 JB                              70753                0
 298 JBE                           2802266                0
 301 JL                            1006052                0
 302 JLE                              6666                0
 303 JMP                           3290474                0
 305 JNB                           3935516                0
 306 JNBE                          2976461                0
 307 JNL                           1011865                0
 308 JNLE                           269471                0
 311 JNS                            262250                0
 312 JNZ                           9583515                0
 316 JS                                612                0
 317 JZ                           20527031                0
 374 LEA                          14104534                0
 375 LEAVE                               1                0
 411 MOV                          54702924                0
 413 MOVAPS                         397458                0
 415 MOVD                              199                0
 420 MOVDQA                          98692                0
 421 MOVDQU                         196914                0
 423 MOVHPD                            280                0
 426 MOVLPD                            280                0
 448 MOVSX                          262337                0
 449 MOVSXD                        3860291                0
 451 MOVUPS                         133457                0
 452 MOVZX                        14084008                0
 456 MUL                               286                0
 464 NEG                               113                0
 466 NOP                           1988294                0
 475 NOT                                22                0
 477 OR                             393765                0
 501 PAND                            65538                0
 502 PANDN                           65538                0
 510 PCMPEQB                           884                0
 517 PCMPGTD                         65538                0
 573 PMINUB                             19                0
 576 PMOVMSKB                          474                0
 597 POP                           3553036                0
 604 POR                             65764                0
 615 PSHUFD                            198                0
 623 PSLLDQ                             64                0
 629 PSRLDQ                             25                0
 632 PSUBB                             207                0
 647 PUNPCKLBW                         198                0
 650 PUNPCKLWD                         198                0
 651 PUSH                          3554243                0
 657 PXOR                              483                0
 672 RDTSC                               8                0
 718 RET_NEAR                      1053841                0
 719 ROL                                12                0
 720 ROR                                 1                0
 732 SAR                              2501                0
 735 SBB                                 3                0
 741 SETB                                2                0
 742 SETBE                              73                0
 746 SETNBE                             16                0
 748 SETNLE                        1006060                0
 752 SETNZ                              57                0
 757 SETZ                           262435                0
 767 SHL                              1656                0
 770 SHR                              2201                0
 792 STOSQ                             366                0
 795 SUB                           3972052                0
 800 SUB_LOCK                            1                0
 802 SYSCALL                           898                0
 809 TEST                         11174919                0
1562 XADD_LOCK                           6                0
1564 XCHG                               69                0
1568 XOR                           3632081                0
3000 *total                      210333683                0
3001 *mem-atomic                        18                0
3002 *stack-read                  20715714                0
3003 *stack-write                 17691466                0
3004 *iprel-read                   1968731                0
3005 *iprel-write                      522                0
3007 *mem-read-1                   8887124                0
3008 *mem-read-2                   2536045                0
3010 *mem-read-4                  12539780                0
3014 *mem-read-8                  28878941                0
3022 *mem-read-16                   199262                0
3518 *mem-read-512                       9                0
3527 *mem-write-1                  1793116                0
3528 *mem-write-2                       71                0
3530 *mem-write-4                  7637446                0
3534 *mem-write-8                 17177354                0
3542 *mem-write-16                  528782                0
4038 *mem-write-512                      9                0
# $eof
